entry	table	column	title_zh	english	old_奖励清单	new_译文	decision	note
8054	locales_quest	OfferRewardText_loc4	权力珍宝：思考者腰带	Your honor is assured in the tribe.  You claim many deaths in Zul'Gurub.  Enemies fall before your convictions.  Enemies fall before your power.$B$BThis is the freethinker's belt.  It is a symbol of honor.  It is powerful mojo.  It is now yours.	你将获得部族的尊敬。你血洗了祖尔格拉布。敌人在你的信念前倒下。敌人因你的力量而死。$B$B这是思考者腰带。它是荣誉的象征。它是强大的魔精。现在它属于你了。	你在部族中的荣誉已无可置疑。你在祖尔格拉布取下无数性命。敌人在你的信念前倒下，敌人在你的力量前倒下。$B$B这是思考者腰带。它是荣誉的象征。它是强大的魔精。现在，它归你了。	repo	
9333	locales_quest	OfferRewardText_loc4	银色黎明手套	You've done well, $N. Take your pick of hand protection in thanks for your efforts.	你可以从这些奖励中选择其一：亡灵净化手套、亡灵毁灭裹手、亡灵毁灭护手、亡灵毁灭手套	干得不错，$N。挑一副护手吧，聊表谢意。	repo	
9334	locales_quest	OfferRewardText_loc4	神圣巫师之油	I hope that you will find these items useful in future battles.	你将获得：神圣巫师之油	愿这些物品能在往后的战斗里帮上你的忙。	repo	
9335	locales_quest	OfferRewardText_loc4	神圣的磨刀石	Thank you, $N. Here are your consecrated sharpening stones. Use them prudently.	你将获得：神圣磨刀石	谢谢你，$N。这是你的神圣磨刀石，请谨慎使用。	repo	
9336	locales_quest	OfferRewardText_loc4	特效治疗药水	Here you are, $N. Be careful out there. Our numbers are not so large we can afford many battlefield casualties.	你将获得：特效治疗药水	给你，$N。外面小心些。我们人手不多，可经不起战场上再多伤亡。	repo	
9337	locales_quest	OfferRewardText_loc4	特效法力药水	Here you are, $N. Be careful out there. Our numbers are not so large we can afford many battlefield casualties.	你将获得：特效法力药水	给你，$N。外面小心些。我们人手不多，可经不起战场上再多伤亡。	repo	
9343	locales_quest	OfferRewardText_loc4	银色黎明战袍	Take this tabard and wear it proudly. Perhaps your deeds might inspire others to take up arms in support of our fight against the Scourge.	你将获得：银色黎明徽章	收下这面战袍，骄傲地穿着它。也许你的作为会激励更多人拿起武器，支援我们对抗天灾军团的战斗。	repo	
41274	locales_quest	OfferRewardText_loc4	真爱遗言	Ah, friendship - love for artistry - devotion to a higher being - and the promise to eternal dedication and faithfulness. Remarkable examples, really, you did splendidly! To be frank with you, I had almost forgotten about all of them, pardon my lack of decorum. This bow has a mind on his own and sometimes I don't even notice it shooting arrows on its own! Who knows, perhaps you will be its next target on your way out!$B$B<Kwee Q. chuckles at the thought.>$B$BHere, let me reward you for your efforts. Take this box, inside it are the finest garbments in all of Azeroth. Use their alluring charme and woo those cherished in your heart with them!	你将获得：华丽装饰的容器	啊，友情——对艺术的热爱——对更高存在的虔诚——还有那永世奉献与忠诚的誓言。真是些了不起的范例，你做得太好了！老实说，我几乎把它们全都忘了，请原谅我的失礼。这把弓自有主见，有时连它自己射箭我都察觉不到！谁知道呢，说不定你出门的路上就成了它的下一个目标！$B$B<奎·Q一想到这儿就笑了。>$B$B喏，让我为你的辛劳给点奖赏。收下这箱子，里头是艾泽拉斯最精美的衣物。用它们的魅力去讨好你心里珍视的人吧！	repo	
41279	locales_quest	OfferRewardText_loc4	命脉	<You assume what you are seeing is a smile on the Earthen's face. The rough gemstone from the giant's body looks tiny in his broad hands. A nod, that's all he offers, before telling you to kneel down once more.$B$BUpon placing his palm on you again, you see things a lot more clearly now, although the procedure is still taxing on you. Three gems manifest themselves before your inner eye. Luckily, you recognize them: an emberstone, a star ruby and a citrin. The next thing you see are the same gems getting cut into a facet you have never seen before. Watching intently, you memorize the movements. The wisdom is ingrained into your mind.>	你将获得：设计图：尖锐黄水晶、设计图：明亮灰烬石、设计图：炽热红宝石	<你猜想自己看到的是这位土灵脸上的笑容。巨人身上取下的粗糙宝石在他宽大的手掌里显得很小。他只点了点头，随后让你再次跪下。$B$B当他的手掌再次按上你时，你眼前的一切清晰了许多，尽管这过程依旧让你疲惫不堪。三颗宝石在你内视中显现。所幸你认得它们：一颗火烬石、一颗星红宝石和一颗黄水晶。接着你看到同样的宝石被切出一种你从未见过的刻面。你凝神细看，记住了每一个动作。这份智慧就此刻入你的心中。>	repo	
41282	locales_quest	OfferRewardText_loc4	最后一刀	<The artisan inspects the faceted Lifeblood Gem. His amber eyes diligently observe every cut and edge of the sparkling red jewel. After finishing the evaluation, he hands you the gem back - before bowing down in respect.$B$BYou've passed the test! Thegren guides you to his table, eager to share his knowledge with his new pupil.>	将对你施放以下法术：宝石学	<这位匠人端详着那枚刻面过的活力宝石。他琥珀色的眼睛仔细审视着这颗闪亮红宝石的每一道切面与棱角。评定完毕后，他把宝石递还给你——随后躬身致意。$B$B你通过了考验！瑟格雷恩把你引到他的工作台前，迫不及待要把自己的知识传授给这位新学生。>	repo	
41283	locales_quest	OfferRewardText_loc4	饰品教人情更深	Mhm, mhm, not as shabby as I expected it to be. But it clearly bears Mayva's mark of shoddy craftsmanship. Good thing you are in my hands now, I'll whip you into a serviceable jewelcrafter in no time! Start by making this lovely trinket here, you should have no troubles replicating it… hopefully.	你将获得：设计图：水晶耳环	嗯，嗯，没我想的那么糟。不过，这明显带着姆埃瓦那种粗糙手艺的印记。好在现在你落到我手里了，用不了多久，我就能把你调教成一个能用的珠宝匠！先做这件可爱的小饰品吧，照着做应该不难……但愿如此。	repo	
41284	locales_quest	OfferRewardText_loc4	该给它戴上戒指了	I don't know about you, but seeing these little treasures shine and sparkle under the light of my prospector's lens is something I'll never get tired of. Surely you understand. Now that we got that covered - here, listen close, I won't repeat myself!	你将获得：设计图：闪亮青绿石戒指	我不知道你怎么想，但看着这些小宝贝在探矿镜的光下闪闪发亮，我是永远看不腻的。你一定能理解。既然说定了——来，听仔细，我可不说第二遍！	repo	
41285	locales_quest	OfferRewardText_loc4	失信弃之	Bloodied, drenched, full of mud. Ugh, it breaks my heart to see one of my finer works in such a disrespectful state. Nevertheless, thank you for retrieving it. Tell me, where did you find it, on his beaten corpse or did someone else's grubby hands pilfered it from him? You know what? Don't tell me, I'd rather stay oblivious.$B$BAs compensation for your noble deed, I will teach you how to craft this choker yourself.	你将获得：设计图：迷人的黄玉项链	血迹斑斑、湿漉漉、满是泥浆。唉，看到我一件得意之作被如此糟践，真让我心痛。不管怎么说，谢谢你把它取回来。告诉我，你是在他那被打烂的尸体上找到的，还是被别人的脏手顺走的？算了，别告诉我，我宁愿不知道。$B$B作为你这桩高尚之举的回报，我来教你亲手制作这条项圈。	repo	
41287	locales_quest	OfferRewardText_loc4	裂隙中的沙	Great work, I've seldom had that many ingredients for jewelcrafting at once in this place. I suppose some form of gratitude is needed towards Gulmire, since he has given me something practical to do whilst waiting for new reports.$B$BBack to you, however. Let me show you how to create these delicate trinkets.	你将获得：设计图：水晶耳环	干得漂亮，我在这儿很少能一次拿到这么多珠宝加工材料。我想得向古尔米瑞道声谢，毕竟在等新情报的这段时间，他总算给了我一件实实在在的活儿。$B$B不过说回你。让我教你怎么做出这些精致的小饰品。	repo	
41288	locales_quest	OfferRewardText_loc4	光辉之石	It may be faint, but there is power emanating from these gems. The best jewelcrafters are able to extract their mighty essences and amplify them to unprecedented heights. And if you'll allow me to say this: you are on a good way to reach that point yourself some day.	你将获得：设计图：闪亮青绿石戒指	或许很微弱，但这些宝石里确实透出力量。最好的珠宝匠能从中提炼出强大的精髓，并将其增幅到前所未有的地步。若容我说一句：总有一天，你也会走到那一步。	repo	
41289	locales_quest	OfferRewardText_loc4	异域的学识	Harrowing news. What you're describing is all too familiar - many former troll empires fell to their own hubris, thinking themselves above their people or even their loa. It is all the more relieving to see you return safe and sound.$B$BNow then, shall we pry the information from these tarnished pages?	你将获得：设计图：迷人的黄玉项链	令人心惊的消息。你描述的这些，我听着太熟悉了——许多巨魔帝国都毁在自己的狂妄上，自以为高踞于族人或神灵之上。看到你安然归来，我就更放心了。$B$B那么，我们是不是该从这些残破的书页里挖出点线索了？	repo	
41292	locales_quest	OfferRewardText_loc4	金饰加工的艺术	Impressive, such profound cuts and grinding work. Anyone can see the blood, sweat and tears you've poured into the creation of these. The life one breathes into their artworks is just as important as the technical steps taken. Jewelry without a soul is just a product and an affront to the integrity of the craft's millenia old legacy.$B$BBut you've proven that your heart beats in harmony with Azeroth, attuning yourself to its essence and channeling that energy into your art. As my new pupil, please allow me to pass my sacred knowledge unto you. You have earned it.$B$BOh, and should you ever see any of my former pupils again, tell them they can visit me anytime - I suppose some company can't hurt after a few years.	将对你施放以下法术：大师级金匠学	了不起，如此深刻的切割与打磨。谁都看得出你为这些作品倾注了多少血汗与泪水。人赋予作品的生命，与技术步骤同样重要。没有灵魂的首饰只是一件商品，是对这门手艺千年传承的亵渎。$B$B而你已证明，你的心跳与艾泽拉斯同频——你与它的精魂共鸣，并把那份能量注入自己的艺术。作为我的新学生，请允许我把神圣的知识传授给你。这是你应得的。$B$B哦，若你以后遇见我从前哪个学生，告诉他们随时可以来看我——我想，隔了这些年，有个人做伴也无妨。	repo	
41293	locales_quest	OfferRewardText_loc4	精美的金手镯	<The Artificer inspects your work and the replica.>$B$BClose. Without my guidance, you did an astounding job at repeating my pupil's steps. Remarkable. Nonetheless, to gauge your true potential, I expect you to craft an artpiece under my guidance. Here, listen close and show me that you listened well.	你将获得：设计图：精致的金手镯	<巧匠端详着你的成品与那件仿制品。>$B$B接近了。没有我的指点，你能把我的学生的步骤复现到这种程度，着实惊人。不过，要衡量你真正的潜力，我要你在我的指导下亲手做出一件作品。来，仔细听好，让我看看你听得够不够认真。	repo	
41294	locales_quest	OfferRewardText_loc4	观察所见	Perceiving the world as it is may appear simple and nothing out of the ordinary, but only those willing to delve deeper are able to gain a profound understanding of its true essence.$B$BYou've shown me you are one of them. Pay attention and heed my words, for they will bestow new insight to you.	你将获得：设计图：深海之心	以本来面目观照世界，看似简单寻常，但唯有愿意深入其中的人，才能真正洞悉其本质。$B$B你已向我证明你是这样的人。用心听我说的话，它们会给你新的领悟。	repo	
41295	locales_quest	OfferRewardText_loc4	亲爱的加莉特蕾娅	<The Artificer is surprisingly solemn at the view of your pieces. A soft chuckle escapes him, before turning back to you.>$B$BThank you. I am glad you sought me out. Here, I will share with you something Gallitrea designed during my tutelage.	你将获得：设计图：加莉特蕾娅之法杖	<看到你带来的物件，巧匠出奇地郑重。他轻声一笑，才重新看向你。>$B$B谢谢你。我很高兴你来找我。来，我把加莉特蕾娅在我门下时设计的一件东西送给你。	repo	
41299	locales_quest	OfferRewardText_loc4	库米沙的谢意	Tragic and harrowing to hear. Both the intervention of draenei from our homeworld, and Kum'isha's desperate desire to return to said place. I have led my people to this place in search of a haven, a sanctuary they can someday call home again. With the wisdom on this scroll and the magic of the Draenethyst, we may achieve this - together.$B$BBe rest assured, your deeds for my people will not be forgotten. Let me share insight on these scriptures, as you cannot read its pages yourself.	你将获得：设计图：德莱尼水晶魔棒	听来悲惨又骇人——无论是来自我们母星的德莱尼人的干预，还是库米沙一心想要回到故土的执念。我带着族人来到此地，是为了寻找一处避风港，一处终有一天能再度称之为家的庇护所。有了这卷轴上的智慧与德莱尼水晶的魔法，我们或许能实现它——一起。$B$B请放心，你为我族人所做的一切不会被遗忘。既然你读不懂这经卷，就让我为你讲讲其中的奥义吧。	repo	
41302	locales_quest	OfferRewardText_loc4	谈成的休战	<Talvash opens the bag and looks exasperated.>$B$BWhat?! This is only half of what I was promised! Oh, this damn cutthroat, sleezy slimebag, and damn his very threatening bodyguards too! Well, atleast I am not dead, correct? I have to thank you for that - really, I am grateful! You stuck out your neck for me without even hesitating, that's something not so common nowadays. Hopefully these thugs will not care to bother me again.$B$BBut do tell me: the jewelry you delivered in my stead, are you a jewelcrafter by chance? If so, please let me share one of my patented designs with you for your valiant heroism!	你将获得：设计图：精致秘银护符	<塔瓦斯德打开袋子，一脸恼火。>$B$B什么？！这才是我被答应的一半！哦，这个该死的刽子手、卑鄙的滑头，连他那帮凶神恶煞的保镖也一起见鬼去吧！不过，至少我还活着，对吧？这得谢谢你——说真的，我很感激！你毫不犹豫地为我冒险，如今这种事可不多见。但愿这帮恶棍不会再来找我麻烦。$B$B不过请告诉我：你替我送去的那件首饰，你莫非是珠宝匠？若是，请允许我把一份专利设计分享给你，作为你这份英勇的酬谢！	repo	
41305	locales_quest	OfferRewardText_loc4	黄金是地精的心头肉	Oh, wow! This thing is almost as big as my nose! Those adventurers weren't lying, that's for sure. And the necklace you brought, incredibly fine work, truly impressive. You got a nick for jewelcrafting, just like I told you. Really, you helped me out immensely. Those hot-shots in Booty Bay are going to drool over this beauty, just you wait! As thanks for all your hard work and assistance, let me share one of my personal favourite designs with you.	你将获得：设计图：精致秘银护符	哦，哇！这东西几乎跟我的鼻子一样大！那些冒险者果然没吹牛。还有你带来的项链，做工精细得惊人，真了不起。我说过吧，你在珠宝加工上有天分。真的，你帮了我大忙。藏宝海湾那些自以为了不起的家伙，看到这宝贝准会流口水，你等着瞧！为答谢你这一路的辛苦与帮助，我把一份我个人最中意的设计分享给你。	repo	
41309	locales_quest	OfferRewardText_loc4	脆弱的侏儒	Oho, now that's the stuff. I can tell right away that we can salvage that mess of Traxis with this miracle mixture. Did you come along with Zalashji? He's a solitary... man? Snake? I don't know, but so far he didn't say no to a long and philosophical talk about the history and art of jewelcrafting. Who knows, maybe someday I will tell you how we two met!$B$BSince you helped me with preventing uncomfortable customer confrontations, let me reward you. Am I correct in assuming you're proficient in jewelcrafting as well? Don't be surprised, I'm not a master in this craft for nothing. Let me share some of my knowledge for free, as just payment.	你将获得：设计图：华丽秘银手镯	嚯，这才是好东西。我一眼就看出，用这神奇的混合物能把特拉希斯那摊烂摊子救回来。你是跟萨拉辛一起来的？他是个独来独往的……男人？还是蛇？我不清楚，不过到目前为止，他倒没拒绝过跟我长谈珠宝加工的历史与艺术。谁知道呢，说不定哪天我会跟你讲讲我俩是怎么认识的！$B$B既然你帮我避免了一场尴尬的顾客冲突，那就让我给你点回报。我猜你珠宝加工也不差，对吧？别惊讶，我毕竟是这行的大师。就让我免费分享些心得，权当报酬。	repo	
41312	locales_quest	OfferRewardText_loc4	修复	The gemstone was split? Curious, but not unexpected given the tower's state. Still, having it hidden like that - what was Medivh thinking? And this focus... a testament to the dragonflight's eternal charge of governing magic. I doubt any living mortal could conjure such a device to amplify the flow of energy.$B$BIt is bittersweet, you know? I've abjured my life as a sorcerer, yet I cannot deny helping you for the second time now lights up a feeling in my heart long forgotten. My hopes of you putting the horrors of the tower to rest grow after witnessing you succeed in this task. Take the completed head, and search the tower for the rest of it. Most assuredly, this will prove to be pivotal in your exploration of Karazhan.	你将获得：麦迪文的权杖头	宝石被劈开了？有意思，不过以那座塔的状况倒也不意外。可把它那样藏起来——麦迪文到底在想什么？还有这个聚焦器……足以证明龙族对掌管魔法一事确有其永恒的职责。我不觉得活着的凡人能造出这种增幅能量流动的装置。$B$B说来苦乐参半，你懂吗？我早已宣誓放弃术士的身份，却无法否认：这第二次帮你，让我心中一种久违的感觉重新亮了起来。看着你完成这件事，我对你能让塔中恐怖安息这件事更有信心了。带上这枚修复好的杖头，再去塔里搜寻剩下的部分。毫无疑问，这会在你探索卡拉赞时起到关键作用。	repo	
41315	locales_quest	OfferRewardText_loc4	揭开谜团	Positively outstanding. What we've witnessed proved my suspicions correct: the ley line crystals function as a conduit of energy that, when exposed to concentrated amounts of magic, manifest themselves in arcane monstrosities. If you take a closer look, both crystal remains are identical, meaning the blood elves have altered their own crystal after obtaining it from the Blue Dragonflight - whether they got it by force or cooperation, I am unsure to answer.$B$BThanks to you, my understanding of this land and its inhabitants heightened again. It is concerning, however, to know the Blue Dragonflight is undertaking such suspicious actions. They rarely care for the affairs of mortals, but do not hesitate to halt the abuse of Azeroth's magic in an instant. Let us observe and hope for the best outcome for now.$B$BAs for your reward; you are a capable jewelcrafter, correct? Let me show you how to fashion a staff that amplifies the wielder's magical abilities, then.	你将获得：设计图：皇家曙光权杖	简直出色极了。我们所见印证了我的猜想：魔网水晶是一种能量导管，一旦暴露在高度浓缩的魔法下，便会显现为奥术魔物。你若细看，两块水晶残骸完全相同——这意味着血精灵从蓝龙军团那里取得水晶后，改造了自己的那一块；究竟是用强夺还是合作，我也说不准。$B$B多亏你，我对这片土地及其居民的了解又深了一层。不过，得知蓝龙军团正在做这种可疑的事，仍令人不安。他们很少在意凡人的事务，却会毫不犹豫地阻止对艾泽拉斯魔法的滥用。眼下我们只能观察，并期盼最好的结果。$B$B至于你的奖励：你也是个能干的珠宝匠，对吧？那就让我教你怎么做出一把能增幅持有者魔法能力的法杖。	repo	
41318	locales_quest	OfferRewardText_loc4	大师级钻石王冠	You got the stuff? Great, now then, how about we test this theory of ours?$B$B<Fanzy opens the page of the book and holds it high above her head. When brought near the empty page, the cores and essences liquify and transfer themselves to the parchment - ultimately forming sentences, completing the instruction for this piece of jewelry.>$B$BWOW! Now that was absolutely amazing. Scrap what I said about this book, this is pretty nifty, I have to admit. Incredible, come here, let us scour this page together, we wouldn't have come this far without your dedication!	你将获得：设计图：精致钻石宝冠	东西都拿到了？太好了，那我们来验证一下这个猜想如何？$B$B<凡兹翻开书页，把它高高举过头顶。当它靠近空白页时，那些核心与精华开始液化，转移到羊皮纸上——最终凝结成文字，补全了这件首饰的制作说明。>$B$B哇！这真是绝了！我之前说的那些关于这本书的话收回，不得不承认，这玩意真带劲。太不可思议了，过来，我们一起把这一页研究透——没有你的投入，我们走不到这一步！	repo	
41319	locales_quest	OfferRewardText_loc4	大师级钻石手镯	Excellent work. Just getting your hands on one of these gems is a feat in itself, I can't imagine how much effort you poured into getting three! Okay, hand all the things over, I'm in the mood to create a MASTERPIECE!$B$B<Fanzy snatches the materials and hastily moves her tiny hands. After a few minutes, she holds the delicate lens into the sunlight, directly in front of the empty page. Surprisingly, instead of burning it, the focused beam of light creates elaborate sentences on the formerly clear paper.>$B$BEUREKA! A complete success! Time to harvest the fruits of our labor! Come here, let's read together!	你将获得：设计图：精制钻石手镯	干得漂亮。光是弄到一颗这样的宝石已算了得，我简直无法想象你为拿到三颗费了多少功夫！好，都交给我吧，我正想创作一件杰作！$B$B<凡兹夺过材料，小手飞快地动起来。几分钟后，她把那枚精巧的镜片举到阳光下，正对着空白页。令人意外的是，聚焦的光束非但没有烧焦纸面，反而在原本空白的纸上浮现出繁复的文字。>$B$B我找到了！大获成功！是时候收获我们的成果了！过来，我们一起读读看！	repo	
41326	locales_quest	OfferRewardText_loc4	避难所的命运	I am devastated. Not even in the wildest of dreams could I have imagined this to happen. Sanv Tas'dal, once my mentor as chieftain and noble leader of our tribe, succumbing to the sweet lies of the Burning Legion. If it wasn't for you and Akh Z'ador, then my people and I would have followed him back to Draenor, to live the rest of our lives as drones for the Legion's machinations.$B$BThe Harborage is forever in your debt. Words cannot express how heavy my gratitude towards your selflessness lies, so please: Take this symbol of appreciation from all draenei of this humble sanctuary.	你可以从这些奖励中选择其一：裂隙行者的法衣、虚空碎片指环、避难所守卫肩铠、德莱尼水坠饰	我悲痛欲绝。即便在最荒诞的梦里，我也想不到会如此。桑夫·塔斯达尔，曾是我们的酋长、我的导师，也是我族高贵的领袖，竟屈从于燃烧军团的甜言蜜语。若不是你和阿克资阿多，我和族人便会随他回到德拉诺，余生都做军团阴谋的傀儡。$B$B避难所永远欠你一份人情。言语无法表达我对你这份无私的感激有多沉重。所以，请收下这份心意——它来自这座小小圣所里所有德莱尼人。	repo	Sanv Tas'dal 库内无词条，试译「桑夫·塔斯达尔」
41327	locales_quest	OfferRewardText_loc4	显形的异象	$N, I thank you from the bottom of my heart for all you have done for the Harborage. Kas'tal managed to contact me just in time. Any later and I fear for what might've happened. Now, to what I wanted to talk with you about…$B$B<Akh Z'ador presents a flawlessly round and shimmering teal crystal to you unlike anything you've seen before.>$B$BWhat you see here is a pure draenethyst gemstone, one of the most rare commodities my people valued back on Draenor. Its status is akin to myth, although they are not the fairytale one might assume. Althoug it is just a theory, I assume this one was created between the clash of Tas'dal's and my own rift magic. I want you to have it, as thanks - but also as a promise. The draenei of the Harborage will aid you if needed, for without you, we'd be no more. Enkil Toralar, friend, and may the winds of the Twisting Nether be in your favor.	你将获得：纯净德莱尼水宝石	$N，我由衷感谢你为避难所做的一切。卡斯塔尔及时联系上了我。再晚一步，后果不堪设想。那么，说说我想跟你说的事……$B$B<阿克资阿多向你呈上一颗浑圆无瑕、泛着青绿光泽的水晶，是你从未见过的东西。>$B$B你眼前这颗是纯净的德莱尼水晶宝石，是我族在德拉诺时最珍视的稀有之物之一。它的地位近乎传说，当然并非童话里那种。虽然只是推测，但我猜这一颗诞生于塔斯达尔的裂隙魔法与我的相撞之时。我想把它给你，作为答谢——也作为一个承诺。只要你有需要，避难所的德莱尼人都会相助，因为没有你，我们早已不复存在。恩基尔·托拉拉尔，朋友，愿扭曲虚空的风眷顾你。	repo	Kas'tal 试译「卡斯塔尔」；Enkil Toralar 为德莱尼告别语，音译保留
41328	locales_quest	OfferRewardText_loc4	一个不情之请	An exhausting process, but here it is; another pure gemstone. Please, take good care of it.	你将获得：纯净德莱尼水宝石	过程很累人，但总算成了：又一颗纯净的宝石。请好好保管它。	repo	
41336	locales_quest	OfferRewardText_loc4	看不见的障碍	Back in Eldre'thalas, we studied countless, now long forgotten runes in our arcane sanctums under the order of Queen Azshara. Many of these I have forgotten over time, while others out of shame. Nonetheless, it seems my knowledge from that bygone era allowed us to gain new wisdom - wisdom you may use at your own discretion. Here, listen closely. It is time for a new lesson, pupil.	你将获得：设计图：黄金符文戒指	当年在埃达拉斯，我们奉艾萨拉女王之命，在奥术圣殿里研究过无数如今早已被遗忘的符文。其中许多我已随时间淡忘，还有一些则因羞愧而不愿想起。不过看来，那段旧日学识让我们获得了新的智慧——这份智慧你可以自行斟酌使用。来，仔细听好。该上新课了，学生。	repo	
41342	locales_quest	OfferRewardText_loc4	白色雄鹿	It is finished. The fear weighing heavy on my heart is fading after hearing from your valiant deeds. Using my ability to gaze into the Emerald Dream, I will return this fragment back to my grandfather. Simply holding it makes me feel his radiant and powerful aura once more.$B$BIt will take a considerable amount of time for him to regain his full strength, however Ysera and his fellow Wild Gods are at his side, protecting their beloved friend and mentor.$B$BYour devotion to the White Stag and his legacy is commendable. To honor your heroic and selfless nature, let me offer you the teachings to shift into Malorne's stag form itself.	你将获得：白色雄鹿之雕文	结束了。听闻你那些英勇事迹，压在我心头的恐惧正在消散。我会用窥视翡翠梦境的能力，把这块碎片送回我祖父身边。光是握着它，我就又能感到他那光辉而强大的气息。$B$B他要完全恢复力量还需要相当长的时间，不过伊瑟拉和他的荒野之神同伴们都在他身旁，守护着这位亲爱的朋友与导师。$B$B你对白鹿及其传承的忠诚值得称道。为褒奖你这无私的英雄之举，就让我把变化为玛洛恩雄鹿形态的诀窍传授给你。	repo	
41344	locales_quest	OfferRewardText_loc4	大得滑稽的蜡烛	Big candle for Big Whiskers! My mission in this scary place is finished. Big Whiskers gives you this as thanks. Very fun book, look!	你将获得：变形术之秘典：啮齿动物	大蜡烛给大胡须！我在这鬼地方的活儿干完了。大胡须把这个送给你，当作谢礼。很好玩的书，你看！	repo	NPC 61990 现名「大小老鼠」（机翻），本句按「大胡须」译；建议后续把该 NPC 改名
41346	locales_quest	OfferRewardText_loc4	苔藓之谜	The chest opens and a wet odor escapes it. Inside you find some rusted trinkets - and a surprisingly immaculate piece of something broken. Picking it up, you feel a sense of danger coming from it. Harrowing.	你将获得：古老神像下碎片	箱子打开，一股潮湿的气味涌了出来。里面是一些锈迹斑斑的小玩意——还有一件碎裂之物，竟出奇地完好。你把它拿起来，感到一股危险的气息自其中透出。令人心惊。	repo	
41351	locales_quest	OfferRewardText_loc4	一击毙命	<Tillia is speechless at the task you accomplished. Marveling at her long lost treasure, she regains her composure and begins speaking.>$B$BIncredible, positively stunning! You are a masterful detective, getting to the bottom of this decade-old conundrum in such a short time. Were I back at my estate, I would have my brother knight you into our personal entourage. But alas, I believe the thrill of the world is what beckons you, while my undeath binds me to this place. Fret not, however - with my necklace returned, I can endure this endless limbo in contempt.$B$BAs promised, you shall receive this in turn: a prized ruby ring by the lord of the tower himself, Guardian Medivh.	你将获得：镶宝的红宝石指环	<蒂莉亚为你完成的任务震惊得说不出话。她端详着失而复得的珍宝，慢慢镇定下来，开口道。>$B$B太不可思议了，简直令人惊叹！你是个了不起的侦探，这么快就查清了这桩十年前的悬案。若我还在自己的庄园，我会让我的兄弟为你授勋、纳入我们的随从。可惜啊，我想这世界的精彩才是你的召唤，而我这不死的躯体却把我困在此地。不过别担心——项链回到我手里，我便能带着轻蔑忍受这无尽的囚笼。$B$B如约，这份东西归你：一枚珍贵红宝石戒指，出自这座塔的主人、守护者麦迪文之手。	repo	
41360	locales_quest	OfferRewardText_loc4	温暖的日子	I dread the day I will have to fight one I called friend. Alas.$B$BKel'theril like many other Highborne settlements was filled with magic. Magic that was lost to the ages – I am the last survivor of these lands that have yet to flee it. I have had these draconic artifacts ever since the lake swallowed my home. Take one, it is yours now. Something to remind you of me. Until we meet again.	你可以从这些奖励中选择其一：织法者之爪击、极寒冰霜之魔棒、地脉流之碎片	我一直害怕有一天要与自己称作朋友的人为敌。唉。$B$B凯斯利尔和许多上层精灵聚居地一样，曾充盈着魔法——那些魔法已随岁月湮没，而我是这片土地上尚未逃离的最后一位幸存者。自从湖水吞没我的家，这些龙族器物就一直在我手里。挑一件吧，它归你了。留个念想，记得我。后会有期。	repo	
41362	locales_quest	OfferRewardText_loc4	剖心	I appreciate the effort, $N. This was definitely not an easy task, yet you provided me with such quality materials in no time at all.$B$BGemstones like the Blood of the Mountain require an extraordinary amount of precision and patience. Just the tiniest bit of unnecessary pressure and the entire jewel cracks in two. Watch closely, for I have only one chance to teach you. You can keep the gemstone once I'm done. See it as thanks for bringing me such a peculiar example of a gem.	你将获得：华丽山地宝石、设计图：华丽山地宝石	我很感激你的付出，$N。这绝不是轻松的差事，你却这么快就给我弄来了这么高品质的材料。$B$B像山脉之血这样的宝石，需要极高的精准与耐心。只要多施加一丝不该有的力道，整颗宝石就会裂成两半。仔细看着，我只有一次机会教你。做完之后这颗宝石就归你——就当是谢你给我带来这么一件稀奇的样品。	repo	
41363	locales_quest	OfferRewardText_loc4	蔓生的杂草	Intriguing. These samples radiate a magic not unfamiliar to me, on first glance I'd even say they emanate druidic magic. Ofcourse, I shouldn't jump to conclusions. Further research within the Cenarion Circle will be needed. Surely their venerable druids can solve the origin of their volatile growth.$B$B$N, you have my appreciation. Please, take one of these as compensation for your troubles.	你可以从这些奖励中选择其一：法力药水、强效治疗药水	有意思。这些样本散发的魔法我并不陌生，乍看之下，我甚至要说它们透着德鲁伊的法术。当然，我不该急着下结论。还需要在塞纳里奥议会做进一步研究——他们那些可敬的德鲁伊想必能弄清它们狂暴生长的根源。$B$B$N，我很感激你。请收下一件，作为你辛苦的补偿。	repo	
41366	locales_quest	OfferRewardText_loc4	主教已迟	I hope his soul may find its peace in the Light once more.	你将获得：救赎之搜寻项链	愿他的灵魂能在圣光中重归安宁。	repo	
41367	locales_quest	OfferRewardText_loc4	抵抗科卡尔之梦	The darkness of the nightmare loomed over my on thoughts, breaking free emotions that I would usually keep in check. In a way, I regret it has come to this.$B$B<Nalpak sets Zandara's head on the ground.>$B$BA job well done, is a job well rewarded. You have my thanks $N.	你将获得：科卡尔披风	噩梦的黑暗曾笼罩我的思绪，把我一向压住的情绪都逼了出来。某种程度上，我也后悔事情走到这一步。$B$B<纳尔帕克把赞妲拉的头颅放在地上。>$B$B活干得好，就该有好报。谢谢你，$N。	repo	
41368	locales_quest	OfferRewardText_loc4	钢铁的追忆	Precious, these notes are. Very precious. I doubt it'd cripple the Scarlets from making more lightforge armor at this point, but at least it's back in my hands.	你可以从这些奖励中选择其一：坚固的磨刀石、坚固的平衡石	这些笔记很珍贵，非常珍贵。我不觉得这时候就能让血色十字军造不出光铸护甲，但至少它回到了我手里。	repo	
41369	locales_quest	OfferRewardText_loc4	麦迪文之杖	Terrifying. Even if these are only remains from a volatile elemental, the sheer pressure coming from it is overwhelming. With this fount of energy, I will be able to combine the rod and the binding together, recreating the Scepter Rod of Medivh. Though now restored, it is still incomplete. The scepter head is missing; where to find it, however, is beyond my knowledge. Shall it fall in your possession, speak to me again, and I will do my best to aid you again.	你将获得：麦迪文之节杖魔棒	太骇人了。即便只是某个狂暴元素残留的遗物，它散发出的压迫感依然令人窒息。有了这份能量源泉，我就能把法杖与束具合而为一，重现麦迪文之杖。不过它虽已复原，却仍不完整——杖头丢失了。至于去哪里找，我就无从知晓了。若它落到你手里，再来找我，我会尽力再帮你一次。	repo	
41372	locales_quest	OfferRewardText_loc4	开启的路径	I entrust you with the Scepter of Medivh, conduit of ley magic and the primal energies of an alien world. With it you may command the violent magical torrents of Karazhan itself. Don't get complacent; while you are certainly powerful, the scepter' former owner is the only person to properly wield it. Nevertheless, the deepest secrets of the accursed tower now lay at your feet, begging to be unveiled by the one strong-minded enough to brave its treacherous reaches.$B$BGo forth and claim the truth you fought so valiantly for! Let the conquest of Karazhan be one of the milestones of your heroic legacy!	你将获得：麦迪文之节杖	我把麦迪文之杖托付给你——它是魔网魔法的导管，也是异界原初能量的容器。凭它，你可以号令卡拉赞本身狂暴的魔法洪流。别因此自满；你固然强大，但真正能驾驭这法杖的，唯有它从前的主人。尽管如此，这座被诅咒之塔最深处的秘密如今已伏在你脚下，只等着那位意志足够坚定、敢于闯过险途之人前来揭开。$B$B去吧，去取回你如此英勇奋战所追寻的真相！让征服卡拉赞成为你英雄传奇中的一座里程碑！	repo	
41374	locales_quest	OfferRewardText_loc4	厨师之间无信义	A crumbled piece of paper. It's sad to see it reduced to this, no matter what. I will restore it for you, as holding it made me remember it.	你将获得：配方：强能草药沙拉	一张皱巴巴的纸。不管怎么说，看到它变成这样都让人难过。我替你把它复原——把它拿在手里，让我想起了它原来的样子。	repo	
41376	locales_quest	OfferRewardText_loc4	包裹扭木	And there we have it, with the glyph complete it can now be used. As to whether you choose to or not, remains up to you.	你将获得：奥术树人之雕文	好了，符文既已补全，现在就能用了。至于你愿不愿意用，那就随你。	repo	
41389	locales_quest	OfferRewardText_loc4	证据	The master is an enigmatic man, and I will most likely never fully understand the ways of his mind. Luckily that's not what we are here for, right?$B$BThis pearl you brought, truly something else. Every student of the master's receives a personal gift from him - and technically me - as proof of their accomplishments. Mine is the stinger of a scorpid I've slain in the Thousand Needles. And for you... what do you think of a pendant?	你将获得：决心之证词	大师是个难以捉摸的人，我大概永远也弄不懂他的心思。好在我们要的不是这个，对吧？$B$B你带来的这颗珍珠，真是不同寻常。大师的每个学生都会从他——严格说也包括我——那里得到一件私人礼物，作为成就的凭证。我的是我在千针石林杀掉的一只蝎子的尾刺。至于你……你觉得一枚坠饰如何？	repo	
41392	locales_quest	OfferRewardText_loc4	关掉龙头	By the mines of Kezan! This smells horrible. One whiff of it and any grown sailor will fall over in a heartbeat. $N, excellent job. While we were able to secure this end of the operations, we still have to investigate where exactly they're getting all the supplies from, as I am sure the Venture Co. is simply a middle man. Still, so far you did great and for that I've got a reward for you. Stay clear of trouble, adventurer, wouldn't want to see you getting killed.	你可以从这些奖励中选择其一：特工披风、正直之护腕	以科赞的矿脉起誓！这味道太呛人了。随便谁闻上一口，壮实的船员也得当场倒地。$N，干得漂亮。虽然我们保住了这一头的作业，但还得查清他们到底从哪儿弄来这些补给——我敢肯定，风险投资公司不过是个中间人。总之，到目前为止你做得很好，我为你备了份奖励。别招惹麻烦，冒险者，我可不想看到你送命。	repo	
41396	locales_quest	OfferRewardText_loc4	编织的梦境	These will do just fine. Alongside these potent mushrooms, I can create an exceptionally powerful dreamveil for you. Without it I fear you may be pulled into the Dream prematurely, without ever being able to return. Now brace yourself, $N. For you to be granted Dreamsight, you will be seeking an audience with one of the oldest green dragons known to Azeroth.	你将获得：沉眠梦幕	这些就够了。有了这些效力强劲的蘑菇，我能为你调制一剂格外强力的梦境帷幕。没有它，我怕你会过早被拉入梦境，再也回不来。现在打起精神，$N。要获得梦境之视，你得去觐见艾泽拉斯最古老的绿龙之一。	repo	
41397	locales_quest	OfferRewardText_loc4	永恒的沉眠者	I see. As solemn as it is, Vithekus' disdain is understandable. An ancient being like himself can all so easily be swayed from his benevolence after witnessing the misdeeds of mortals throughout the eons. Still I had hoped he would continue to see the potential your people hold.$B$BNevertheless, knowing he can be reasoned with and did not fall victim to the Nightmare lifts a burdening worry from my heart.	你将获得：梦见宝石	我明白了。尽管听着令人沉重，维瑟库斯的轻蔑也可以理解。像他这样的古老存在，在目睹凡人千万年来的种种劣行之后，善意很容易动摇。我仍希望他能继续看到你们这些族人所蕴藏的潜力。$B$B不过，知道他可以沟通、也没有沦为噩梦的牺牲品，总算让我心里一块石头落了地。	repo	
41398	locales_quest	OfferRewardText_loc4	在明媚月光下	<Tranquility sets upon the Twilight Grove. The Nightmare has been fended off once more, but for how long, no one can tell. Your heart tells you the battle for the Emerald Dream is not yet over, yet you find solace in knowing its stalwart defenders will continue the righteous battle. In front of you towers arguably nature's greatest force. The teal fur, glistening like a starlit sky; his eyes reflecting a deep blue sea of infinite wisdom. You expect the force of his power to crush you, but instead that all so familiar warmth, like a sunny breeze gliding over dew laden grass in the morning, washes over you.$B$BTurning your eyes upwards, your gaze meets the demigod's and a feeling of power rushes through your body. An incomparable sensation; of growth, appreciation and love. As quickly as it came, so did it vanish. Feeling reborn, you pay your respects to the Waywatcher before leaving him to his duties.>	将对你施放以下法术：迅捷旅行形态	<宁静降临暮光林地。梦魇再一次被击退，但能维持多久，无人知晓。你心里明白，翡翠梦境之战尚未结束，然而想到那些坚定的守卫会继续这场正义之战，你便感到一丝慰藉。$B$B在你面前矗立着堪称自然最强之力的存在。青绿色的毛皮如星空般闪耀，他的双眼映出一片深蓝的智慧之海。你以为他力量的重压会把你压垮，可迎面而来的却是那熟悉的暖意——如清晨的阳光微风拂过挂满露珠的青草。$B$B你抬眼上望，视线与这位半神相接，一股力量之感奔涌全身。那是无可比拟的感受：成长、欣赏与爱。来得快，去得也快。仿佛重生一般，你向这位守路者致意，然后让他回到自己的职责中去。>	repo	
41399	locales_quest	OfferRewardText_loc4	梦游者指环	The signet holds much potential.	你可以从这些奖励中选择其一：梦游者之戒、梦游者之徽记、梦游者之指环	这枚指环蕴含着巨大的潜力。	repo	
41400	locales_quest	OfferRewardText_loc4	怒风头饰	Winds blow your way, it seems Nature adores you.	你可以从这些奖励中选择其一：怒风头饰、怒风头盔	风为你而吹，看来自然眷顾着你。	repo	
41401	locales_quest	OfferRewardText_loc4	怒风护肩	Winds blow your way, it seems Nature adores you.	你可以从这些奖励中选择其一：怒风披风、怒风护肩	风为你而吹，看来自然眷顾着你。	repo	
41402	locales_quest	OfferRewardText_loc4	怒风胸甲	Winds blow your way, it seems Nature adores you.	你可以从这些奖励中选择其一：怒风外衣、怒风法衣	风为你而吹，看来自然眷顾着你。	repo	
41403	locales_quest	OfferRewardText_loc4	怒风护腕	Winds blow your way, it seems Nature adores you.	你可以从这些奖励中选择其一：怒风护腕、怒风护腕	风为你而吹，看来自然眷顾着你。	repo	
41404	locales_quest	OfferRewardText_loc4	怒风手套	Winds blow your way, it seems Nature adores you.	你可以从这些奖励中选择其一：怒风裹手、怒风护手	风为你而吹，看来自然眷顾着你。	repo	
41405	locales_quest	OfferRewardText_loc4	怒风腰带	Winds blow your way, it seems Nature adores you.	你可以从这些奖励中选择其一：怒风腰带、怒风束带	风为你而吹，看来自然眷顾着你。	repo	
41406	locales_quest	OfferRewardText_loc4	怒风腿甲	Winds blow your way, it seems Nature adores you.	你可以从这些奖励中选择其一：怒风长裤、怒风短裤	风为你而吹，看来自然眷顾着你。	repo	
41407	locales_quest	OfferRewardText_loc4	怒风战靴	Winds blow your way, it seems Nature adores you.	你可以从这些奖励中选择其一：怒风便鞋、怒风长靴	风为你而吹，看来自然眷顾着你。	repo	
41408	locales_quest	OfferRewardText_loc4	塞纳里奥头饰	Winds blow your way, it seems Nature adores you.	你可以从这些奖励中选择其一：塞纳里奥头饰、塞纳里奥头盔	风为你而吹，看来自然眷顾着你。	repo	
41409	locales_quest	OfferRewardText_loc4	塞纳里奥护肩	Winds blow your way, it seems Nature adores you.	你可以从这些奖励中选择其一：塞纳里奥披风、塞纳里奥护肩	风为你而吹，看来自然眷顾着你。	repo	
41410	locales_quest	OfferRewardText_loc4	塞纳里奥胸甲	Winds blow your way, it seems Nature adores you.	你可以从这些奖励中选择其一：塞纳里奥外衣、塞纳里奥法衣	风为你而吹，看来自然眷顾着你。	repo	
41411	locales_quest	OfferRewardText_loc4	塞纳里奥护腕	Winds blow your way, it seems Nature adores you.	你可以从这些奖励中选择其一：塞纳里奥护腕、塞纳里奥护腕	风为你而吹，看来自然眷顾着你。	repo	
41412	locales_quest	OfferRewardText_loc4	塞纳里奥手套	Winds blow your way, it seems Nature adores you.	你可以从这些奖励中选择其一：塞纳里奥裹手、塞纳里奥者护手	风为你而吹，看来自然眷顾着你。	repo	
41413	locales_quest	OfferRewardText_loc4	塞纳里奥腰带	Winds blow your way, it seems Nature adores you.	你可以从这些奖励中选择其一：塞纳里奥腰带、塞纳里奥束带	风为你而吹，看来自然眷顾着你。	repo	
41414	locales_quest	OfferRewardText_loc4	塞纳里奥腿甲	Winds blow your way, it seems Nature adores you.	你可以从这些奖励中选择其一：塞纳里奥长裤、塞纳里奥短裤	风为你而吹，看来自然眷顾着你。	repo	
41415	locales_quest	OfferRewardText_loc4	塞纳里奥战靴	Winds blow your way, it seems Nature adores you.	你可以从这些奖励中选择其一：塞纳里奥便鞋、塞纳里奥长靴	风为你而吹，看来自然眷顾着你。	repo	
41416	locales_quest	OfferRewardText_loc4	瘟疫之心指环	Do you see? Do you now understand the power? Purification... What fools…$B$B<Mataus shakes his head disapprovingly.>$B$BNow take it and get out of my sight.	你可以从这些奖励中选择其一：瘟疫之心指环、瘟疫之心徽记	你看到了吗？现在明白这份力量了吗？净化……一群蠢货……$B$B<玛塔乌斯不以为然地摇了摇头。>$B$B拿着它，从我眼前消失吧。	repo	
41417	locales_quest	OfferRewardText_loc4	复仇头饰	These garments seem to suit your true nature far better. Be mindful of the power you possess, $C.	你将获得：复仇头冠	这些衣物似乎更契合你的本性。善用你手中的力量，$C。	repo	
41418	locales_quest	OfferRewardText_loc4	复仇护肩	These garments seem to suit your true nature far better. Be mindful of the power you possess, $C.	你将获得：复仇披风	这些衣物似乎更契合你的本性。善用你手中的力量，$C。	repo	
41419	locales_quest	OfferRewardText_loc4	复仇胸甲	These garments seem to suit your true nature far better. Be mindful of the power you possess, $C.	你将获得：复仇法衣	这些衣物似乎更契合你的本性。善用你手中的力量，$C。	repo	
41420	locales_quest	OfferRewardText_loc4	复仇护腕	These garments seem to suit your true nature far better. Be mindful of the power you possess, $C.	你将获得：复仇束腕	这些衣物似乎更契合你的本性。善用你手中的力量，$C。	repo	
41421	locales_quest	OfferRewardText_loc4	复仇手套	These garments seem to suit your true nature far better. Be mindful of the power you possess, $C.	你将获得：复仇裹手	这些衣物似乎更契合你的本性。善用你手中的力量，$C。	repo	
41422	locales_quest	OfferRewardText_loc4	复仇腰带	These garments seem to suit your true nature far better. Be mindful of the power you possess, $C.	你将获得：复仇腰带	这些衣物似乎更契合你的本性。善用你手中的力量，$C。	repo	
41423	locales_quest	OfferRewardText_loc4	复仇腿甲	These garments seem to suit your true nature far better. Be mindful of the power you possess, $C.	你将获得：复仇护腿	这些衣物似乎更契合你的本性。善用你手中的力量，$C。	repo	
41424	locales_quest	OfferRewardText_loc4	复仇战靴	These garments seem to suit your true nature far better. Be mindful of the power you possess, $C.	你将获得：复仇战靴	这些衣物似乎更契合你的本性。善用你手中的力量，$C。	repo	
41425	locales_quest	OfferRewardText_loc4	恶魔之心头饰	These garments seem to suit your true nature far better. Be mindful of the power you possess, $C.	你将获得：魔心头冠	这些衣物似乎更契合你的本性。善用你手中的力量，$C。	repo	
41426	locales_quest	OfferRewardText_loc4	恶魔之心护肩	These garments seem to suit your true nature far better. Be mindful of the power you possess, $C.	你将获得：魔心披风	这些衣物似乎更契合你的本性。善用你手中的力量，$C。	repo	
41427	locales_quest	OfferRewardText_loc4	恶魔之心胸甲	These garments seem to suit your true nature far better. Be mindful of the power you possess, $C.	你将获得：魔心法衣	这些衣物似乎更契合你的本性。善用你手中的力量，$C。	repo	
41428	locales_quest	OfferRewardText_loc4	恶魔之心护腕	These garments seem to suit your true nature far better. Be mindful of the power you possess, $C.	你将获得：魔心束腕	这些衣物似乎更契合你的本性。善用你手中的力量，$C。	repo	
41429	locales_quest	OfferRewardText_loc4	恶魔之心手套	These garments seem to suit your true nature far better. Be mindful of the power you possess, $C.	你将获得：魔心裹手	这些衣物似乎更契合你的本性。善用你手中的力量，$C。	repo	
41430	locales_quest	OfferRewardText_loc4	恶魔之心腰带	These garments seem to suit your true nature far better. Be mindful of the power you possess, $C.	你将获得：魔心腰带	这些衣物似乎更契合你的本性。善用你手中的力量，$C。	repo	
41431	locales_quest	OfferRewardText_loc4	恶魔之心腿甲	These garments seem to suit your true nature far better. Be mindful of the power you possess, $C.	你将获得：魔心护腿	这些衣物似乎更契合你的本性。善用你手中的力量，$C。	repo	
41432	locales_quest	OfferRewardText_loc4	恶魔之心战靴	These garments seem to suit your true nature far better. Be mindful of the power you possess, $C.	你将获得：魔心长靴	这些衣物似乎更契合你的本性。善用你手中的力量，$C。	repo	
41433	locales_quest	OfferRewardText_loc4	无畏指环	If you lose your weapon in battle, a punch while wearing this will prove more than efficient.	你可以从这些奖励中选择其一：无畏之戒、无畏之徽记	若你在战斗中失了武器，戴着它挥出的拳头也足以应付。	repo	
41434	locales_quest	OfferRewardText_loc4	愤怒头饰	All shall behold your mighty rage–you are ready.	你将获得：愤怒之头冠	让所有人都见识你的狂怒吧——你已经准备好了。	repo	
41435	locales_quest	OfferRewardText_loc4	愤怒护肩	All shall behold your mighty rage–you are ready.	你将获得：愤怒之肩甲	让所有人都见识你的狂怒吧——你已经准备好了。	repo	
41436	locales_quest	OfferRewardText_loc4	愤怒胸甲	All shall behold your mighty rage–you are ready.	你将获得：愤怒之胸甲	让所有人都见识你的狂怒吧——你已经准备好了。	repo	
41437	locales_quest	OfferRewardText_loc4	愤怒护腕	All shall behold your mighty rage–you are ready.	你将获得：愤怒之束腕	让所有人都见识你的狂怒吧——你已经准备好了。	repo	
41438	locales_quest	OfferRewardText_loc4	愤怒手套	All shall behold your mighty rage–you are ready.	你将获得：愤怒之手套	让所有人都见识你的狂怒吧——你已经准备好了。	repo	
41439	locales_quest	OfferRewardText_loc4	愤怒腰带	All shall behold your mighty rage–you are ready.	你将获得：愤怒之束带	让所有人都见识你的狂怒吧——你已经准备好了。	repo	
41440	locales_quest	OfferRewardText_loc4	愤怒腿甲	All shall behold your mighty rage–you are ready.	你将获得：愤怒之护腿	让所有人都见识你的狂怒吧——你已经准备好了。	repo	
41441	locales_quest	OfferRewardText_loc4	愤怒战靴	All shall behold your mighty rage–you are ready.	你将获得：愤怒之长靴	让所有人都见识你的狂怒吧——你已经准备好了。	repo	
41442	locales_quest	OfferRewardText_loc4	力量头饰	All shall behold your mighty rage–you are ready.	你将获得：力量之头冠	让所有人都见识你的狂怒吧——你已经准备好了。	repo	
41443	locales_quest	OfferRewardText_loc4	力量护肩	All shall behold your mighty rage–you are ready.	你将获得：力量之肩甲	让所有人都见识你的狂怒吧——你已经准备好了。	repo	
41444	locales_quest	OfferRewardText_loc4	力量胸甲	All shall behold your mighty rage–you are ready.	你将获得：力量之胸甲	让所有人都见识你的狂怒吧——你已经准备好了。	repo	
41445	locales_quest	OfferRewardText_loc4	力量护腕	All shall behold your mighty rage–you are ready.	你将获得：力量之束腕	让所有人都见识你的狂怒吧——你已经准备好了。	repo	
41446	locales_quest	OfferRewardText_loc4	力量手套	All shall behold your mighty rage–you are ready.	你将获得：力量之手套	让所有人都见识你的狂怒吧——你已经准备好了。	repo	
41447	locales_quest	OfferRewardText_loc4	力量腰带	All shall behold your mighty rage–you are ready.	你将获得：力量之束带	让所有人都见识你的狂怒吧——你已经准备好了。	repo	
41448	locales_quest	OfferRewardText_loc4	力量腿甲	All shall behold your mighty rage–you are ready.	你将获得：力量之护腿	让所有人都见识你的狂怒吧——你已经准备好了。	repo	
41449	locales_quest	OfferRewardText_loc4	力量战靴	All shall behold your mighty rage–you are ready.	你将获得：力量之长靴	让所有人都见识你的狂怒吧——你已经准备好了。	repo	
41450	locales_quest	OfferRewardText_loc4	信仰指环	Have you found it, child?	你可以从这些奖励中选择其一：信仰之戒、信仰之徽记、信仰之徽记	找到了吗，孩子？	repo	
41451	locales_quest	OfferRewardText_loc4	卓越头饰	Choose carefully, your decision is final.	你可以从这些奖励中选择其一：超然之宝冠、超然之头冠	慎重选择，一旦决定便无法更改。	repo	
41452	locales_quest	OfferRewardText_loc4	卓越护肩	Choose carefully, your decision is final.	你可以从这些奖励中选择其一：超然之护肩、超然之肩铠	慎重选择，一旦决定便无法更改。	repo	
41453	locales_quest	OfferRewardText_loc4	卓越胸甲	Choose carefully, your decision is final.	你可以从这些奖励中选择其一：超然之法衣、卓越	慎重选择，一旦决定便无法更改。	repo	
41454	locales_quest	OfferRewardText_loc4	卓越护腕	Choose carefully, your decision is final.	你可以从这些奖励中选择其一：超然之护腕、超然之护腕	慎重选择，一旦决定便无法更改。	repo	
41455	locales_quest	OfferRewardText_loc4	卓越手套	Choose carefully, your decision is final.	你可以从这些奖励中选择其一：超然之手套、超然之裹手	慎重选择，一旦决定便无法更改。	repo	
41456	locales_quest	OfferRewardText_loc4	卓越腰带	Choose carefully, your decision is final.	你可以从这些奖励中选择其一：超然之腰带、超然之束腰	慎重选择，一旦决定便无法更改。	repo	
41457	locales_quest	OfferRewardText_loc4	卓越腿甲	Choose carefully, your decision is final.	你可以从这些奖励中选择其一：超然之短裤、超然之长裤	慎重选择，一旦决定便无法更改。	repo	
41458	locales_quest	OfferRewardText_loc4	卓越战靴	Choose carefully, your decision is final.	你可以从这些奖励中选择其一：超然之便鞋、超然之便鞋	慎重选择，一旦决定便无法更改。	repo	
41459	locales_quest	OfferRewardText_loc4	预言头饰	Choose carefully, your decision is final.	你可以从这些奖励中选择其一：预言之宝冠、预言之头冠	慎重选择，一旦决定便无法更改。	repo	
41460	locales_quest	OfferRewardText_loc4	预言护肩	Choose carefully, your decision is final.	你可以从这些奖励中选择其一：预言之护肩、预言之肩铠	慎重选择，一旦决定便无法更改。	repo	
41461	locales_quest	OfferRewardText_loc4	预言胸甲	Choose carefully, your decision is final.	你可以从这些奖励中选择其一：预言之法衣、预言	慎重选择，一旦决定便无法更改。	repo	
41462	locales_quest	OfferRewardText_loc4	预言护腕	Choose carefully, your decision is final.	你可以从这些奖励中选择其一：预言之护腕、预言之束腕	慎重选择，一旦决定便无法更改。	repo	
41463	locales_quest	OfferRewardText_loc4	预言手套	Choose carefully, your decision is final.	你可以从这些奖励中选择其一：预言之者护手、预言之裹手	慎重选择，一旦决定便无法更改。	repo	
41464	locales_quest	OfferRewardText_loc4	预言腰带	Choose carefully, your decision is final.	你可以从这些奖励中选择其一：预言之腰带、预言之束腰	慎重选择，一旦决定便无法更改。	repo	
41465	locales_quest	OfferRewardText_loc4	预言腿甲	Choose carefully, your decision is final.	你可以从这些奖励中选择其一：预言之长裤、预言之护腿	慎重选择，一旦决定便无法更改。	repo	
41466	locales_quest	OfferRewardText_loc4	预言战靴	Choose carefully, your decision is final.	你可以从这些奖励中选择其一：预言之便鞋、预言之便鞋	慎重选择，一旦决定便无法更改。	repo	
41467	locales_quest	OfferRewardText_loc4	霜火指环	Feels better, doesn't it? Note that it will not return to its former state.	你可以从这些奖励中选择其一：霜火之戒、霜火徽记	感觉好些了吧？记住，它不会变回原来的样子了。	repo	
41468	locales_quest	OfferRewardText_loc4	灵风护肩	These garments seem to suit your true nature far better. Be mindful of the power you possess, $C.	你将获得：灵风肩铠	这些衣物似乎更契合你的本性。善用你手中的力量，$C。	repo	
41469	locales_quest	OfferRewardText_loc4	灵风胸甲	These garments seem to suit your true nature far better. Be mindful of the power you possess, $C.	你将获得：灵风服饰	这些衣物似乎更契合你的本性。善用你手中的力量，$C。	repo	
41470	locales_quest	OfferRewardText_loc4	灵风护腕	These garments seem to suit your true nature far better. Be mindful of the power you possess, $C.	你将获得：灵风护腕	这些衣物似乎更契合你的本性。善用你手中的力量，$C。	repo	
41471	locales_quest	OfferRewardText_loc4	灵风手套	These garments seem to suit your true nature far better. Be mindful of the power you possess, $C.	你将获得：灵风裹手	这些衣物似乎更契合你的本性。善用你手中的力量，$C。	repo	
41472	locales_quest	OfferRewardText_loc4	灵风腰带	These garments seem to suit your true nature far better. Be mindful of the power you possess, $C.	你将获得：灵风束腰	这些衣物似乎更契合你的本性。善用你手中的力量，$C。	repo	
41473	locales_quest	OfferRewardText_loc4	灵风腿甲	These garments seem to suit your true nature far better. Be mindful of the power you possess, $C.	你将获得：灵风长裤	这些衣物似乎更契合你的本性。善用你手中的力量，$C。	repo	
41474	locales_quest	OfferRewardText_loc4	灵风战靴	These garments seem to suit your true nature far better. Be mindful of the power you possess, $C.	你将获得：灵风便鞋	这些衣物似乎更契合你的本性。善用你手中的力量，$C。	repo	
41475	locales_quest	OfferRewardText_loc4	灵风头饰	These garments seem to suit your true nature far better. Be mindful of the power you possess, $C.	你将获得：灵风头饰	这些衣物似乎更契合你的本性。善用你手中的力量，$C。	repo	
41476	locales_quest	OfferRewardText_loc4	奥术师头饰	These garments seem to suit your true nature far better. Be mindful of the power you possess, $C.	你将获得：奥术师头饰	这些衣物似乎更契合你的本性。善用你手中的力量，$C。	repo	
41477	locales_quest	OfferRewardText_loc4	奥术师护肩	These garments seem to suit your true nature far better. Be mindful of the power you possess, $C.	你将获得：奥术师肩铠	这些衣物似乎更契合你的本性。善用你手中的力量，$C。	repo	
41478	locales_quest	OfferRewardText_loc4	奥术师胸甲	These garments seem to suit your true nature far better. Be mindful of the power you possess, $C.	你将获得：奥术师信念外衣	这些衣物似乎更契合你的本性。善用你手中的力量，$C。	repo	
41479	locales_quest	OfferRewardText_loc4	奥术师护腕	These garments seem to suit your true nature far better. Be mindful of the power you possess, $C.	你将获得：奥术师护腕	这些衣物似乎更契合你的本性。善用你手中的力量，$C。	repo	
41480	locales_quest	OfferRewardText_loc4	奥术师手套	These garments seem to suit your true nature far better. Be mindful of the power you possess, $C.	你将获得：奥术师裹手	这些衣物似乎更契合你的本性。善用你手中的力量，$C。	repo	
41481	locales_quest	OfferRewardText_loc4	奥术师腰带	These garments seem to suit your true nature far better. Be mindful of the power you possess, $C.	你将获得：奥术师束腰	这些衣物似乎更契合你的本性。善用你手中的力量，$C。	repo	
41482	locales_quest	OfferRewardText_loc4	奥术师腿甲	These garments seem to suit your true nature far better. Be mindful of the power you possess, $C.	你将获得：奥术师长裤	这些衣物似乎更契合你的本性。善用你手中的力量，$C。	repo	
41483	locales_quest	OfferRewardText_loc4	奥术师战靴	These garments seem to suit your true nature far better. Be mindful of the power you possess, $C.	你将获得：奥术师便鞋	这些衣物似乎更契合你的本性。善用你手中的力量，$C。	repo	
41484	locales_quest	OfferRewardText_loc4	救赎指环	Make your choice.	你可以从这些奖励中选择其一：救赎之戒、救赎之徽记、救赎之指环	做出你的选择。	repo	
41485	locales_quest	OfferRewardText_loc4	审判头饰	Your Light may not burn as strong as a kindled fire, but it will make do.	你可以从这些奖励中选择其一：审判头盔、审判头冠	你的圣光或许不如燃起的火焰那般炽烈，但已足够。	repo	
41486	locales_quest	OfferRewardText_loc4	审判护肩	Your Light may not burn as strong as a kindled fire, but it will make do.	你可以从这些奖励中选择其一：审判护肩、审判肩铠	你的圣光或许不如燃起的火焰那般炽烈，但已足够。	repo	
41487	locales_quest	OfferRewardText_loc4	审判胸甲	Your Light may not burn as strong as a kindled fire, but it will make do.	你可以从这些奖励中选择其一：审判胸甲、审判胸甲	你的圣光或许不如燃起的火焰那般炽烈，但已足够。	repo	
41488	locales_quest	OfferRewardText_loc4	审判护腕	Your Light may not burn as strong as a kindled fire, but it will make do.	你可以从这些奖励中选择其一：审判护腕、审判束腕	你的圣光或许不如燃起的火焰那般炽烈，但已足够。	repo	
41489	locales_quest	OfferRewardText_loc4	审判手套	Your Light may not burn as strong as a kindled fire, but it will make do.	你可以从这些奖励中选择其一：审判者护手、审判护手	你的圣光或许不如燃起的火焰那般炽烈，但已足够。	repo	
41490	locales_quest	OfferRewardText_loc4	审判腰带	Your Light may not burn as strong as a kindled fire, but it will make do.	你可以从这些奖励中选择其一：审判腰带、审判束带	你的圣光或许不如燃起的火焰那般炽烈，但已足够。	repo	
41491	locales_quest	OfferRewardText_loc4	审判腿甲	Your Light may not burn as strong as a kindled fire, but it will make do.	你可以从这些奖励中选择其一：审判护腿、审判护腿	你的圣光或许不如燃起的火焰那般炽烈，但已足够。	repo	
41492	locales_quest	OfferRewardText_loc4	审判战靴	Your Light may not burn as strong as a kindled fire, but it will make do.	你可以从这些奖励中选择其一：审判甲护胫、审判马靴	你的圣光或许不如燃起的火焰那般炽烈，但已足够。	repo	
41493	locales_quest	OfferRewardText_loc4	秩序之源头饰	Your Light may not burn as strong as a kindled fire, but it will make do.	你可以从这些奖励中选择其一：秩序之源头盔、秩序之源头冠	你的圣光或许不如燃起的火焰那般炽烈，但已足够。	repo	
41494	locales_quest	OfferRewardText_loc4	秩序之源护肩	Your Light may not burn as strong as a kindled fire, but it will make do.	你可以从这些奖励中选择其一：秩序之源护肩、秩序之源肩铠	你的圣光或许不如燃起的火焰那般炽烈，但已足够。	repo	
41495	locales_quest	OfferRewardText_loc4	秩序之源胸甲	Your Light may not burn as strong as a kindled fire, but it will make do.	你可以从这些奖励中选择其一：秩序之源胸甲、秩序之源胸甲	你的圣光或许不如燃起的火焰那般炽烈，但已足够。	repo	
41496	locales_quest	OfferRewardText_loc4	秩序之源护腕	Your Light may not burn as strong as a kindled fire, but it will make do.	你可以从这些奖励中选择其一：秩序之源护腕、秩序之源束腕	你的圣光或许不如燃起的火焰那般炽烈，但已足够。	repo	
41497	locales_quest	OfferRewardText_loc4	秩序之源手套	Your Light may not burn as strong as a kindled fire, but it will make do.	你可以从这些奖励中选择其一：秩序之源者护手、秩序之源护手	你的圣光或许不如燃起的火焰那般炽烈，但已足够。	repo	
41498	locales_quest	OfferRewardText_loc4	秩序之源腰带	Your Light may not burn as strong as a kindled fire, but it will make do.	你可以从这些奖励中选择其一：秩序之源腰带、秩序之源束带	你的圣光或许不如燃起的火焰那般炽烈，但已足够。	repo	
41499	locales_quest	OfferRewardText_loc4	秩序之源腿甲	Your Light may not burn as strong as a kindled fire, but it will make do.	你可以从这些奖励中选择其一：秩序之源护腿、秩序之源护腿	你的圣光或许不如燃起的火焰那般炽烈，但已足够。	repo	
41500	locales_quest	OfferRewardText_loc4	秩序之源战靴	Your Light may not burn as strong as a kindled fire, but it will make do.	你可以从这些奖励中选择其一：秩序之源甲护胫、秩序之源马靴	你的圣光或许不如燃起的火焰那般炽烈，但已足够。	repo	
41501	locales_quest	OfferRewardText_loc4	无尽风暴头饰	The Elements dance around you in anticipation and joy, may their might become your own.	你可以从这些奖励中选择其一：无尽风暴头冠、无尽风暴头盔	元素在你周身欢腾起舞，愿它们的力量归于你身。	repo	
41502	locales_quest	OfferRewardText_loc4	无尽风暴护肩	The Elements dance around you in anticipation and joy, may their might become your own.	你可以从这些奖励中选择其一：无尽风暴肩铠、无尽风暴肩甲	元素在你周身欢腾起舞，愿它们的力量归于你身。	repo	
41503	locales_quest	OfferRewardText_loc4	无尽风暴胸甲	The Elements dance around you in anticipation and joy, may their might become your own.	你可以从这些奖励中选择其一：无尽风暴胸甲、无尽风暴胸甲	元素在你周身欢腾起舞，愿它们的力量归于你身。	repo	
41504	locales_quest	OfferRewardText_loc4	无尽风暴护腕	The Elements dance around you in anticipation and joy, may their might become your own.	你可以从这些奖励中选择其一：无尽风暴护腕、无尽风暴护腕	元素在你周身欢腾起舞，愿它们的力量归于你身。	repo	
41505	locales_quest	OfferRewardText_loc4	无尽风暴手套	The Elements dance around you in anticipation and joy, may their might become your own.	你可以从这些奖励中选择其一：无尽风暴拳套、无尽风暴手套	元素在你周身欢腾起舞，愿它们的力量归于你身。	repo	
41506	locales_quest	OfferRewardText_loc4	无尽风暴腰带	The Elements dance around you in anticipation and joy, may their might become your own.	你可以从这些奖励中选择其一：无尽风暴束带、无尽风暴腰带	元素在你周身欢腾起舞，愿它们的力量归于你身。	repo	
41507	locales_quest	OfferRewardText_loc4	无尽风暴腿甲	The Elements dance around you in anticipation and joy, may their might become your own.	你可以从这些奖励中选择其一：无尽风暴护腿、无尽风暴短裤	元素在你周身欢腾起舞，愿它们的力量归于你身。	repo	
41508	locales_quest	OfferRewardText_loc4	无尽风暴战靴	The Elements dance around you in anticipation and joy, may their might become your own.	你可以从这些奖励中选择其一：无尽风暴马靴、无尽风暴长靴	元素在你周身欢腾起舞，愿它们的力量归于你身。	repo	
41509	locales_quest	OfferRewardText_loc4	大地之怒头饰	The Elements dance around you in anticipation and joy, may their might become your own.	你可以从这些奖励中选择其一：大地之怒头冠、大地之怒目镜	元素在你周身欢腾起舞，愿它们的力量归于你身。	repo	
41510	locales_quest	OfferRewardText_loc4	大地之怒护肩	The Elements dance around you in anticipation and joy, may their might become your own.	你可以从这些奖励中选择其一：大地之怒肩铠、大地之怒肩饰	元素在你周身欢腾起舞，愿它们的力量归于你身。	repo	
41511	locales_quest	OfferRewardText_loc4	大地之怒胸甲	The Elements dance around you in anticipation and joy, may their might become your own.	你可以从这些奖励中选择其一：大地之怒胸甲、大地之怒法衣	元素在你周身欢腾起舞，愿它们的力量归于你身。	repo	
41512	locales_quest	OfferRewardText_loc4	大地之怒护腕	The Elements dance around you in anticipation and joy, may their might become your own.	你可以从这些奖励中选择其一：大地之怒护腕、大地之怒束腕	元素在你周身欢腾起舞，愿它们的力量归于你身。	repo	
41513	locales_quest	OfferRewardText_loc4	大地之怒手套	The Elements dance around you in anticipation and joy, may their might become your own.	你可以从这些奖励中选择其一：大地之怒拳套、大地之怒护手	元素在你周身欢腾起舞，愿它们的力量归于你身。	repo	
41514	locales_quest	OfferRewardText_loc4	大地之怒腰带	The Elements dance around you in anticipation and joy, may their might become your own.	你可以从这些奖励中选择其一：大地之怒束带、大地之怒腰带	元素在你周身欢腾起舞，愿它们的力量归于你身。	repo	
41515	locales_quest	OfferRewardText_loc4	大地之怒腿甲	The Elements dance around you in anticipation and joy, may their might become your own.	你可以从这些奖励中选择其一：大地之怒护腿、大地之怒腿铠	元素在你周身欢腾起舞，愿它们的力量归于你身。	repo	
41516	locales_quest	OfferRewardText_loc4	大地之怒战靴	The Elements dance around you in anticipation and joy, may their might become your own.	你可以从这些奖励中选择其一：大地之怒马靴、大地之怒甲护胫	元素在你周身欢腾起舞，愿它们的力量归于你身。	repo	
41517	locales_quest	OfferRewardText_loc4	碎地者指环	This ring is infused with the power of my ancestors! Tread wisely...	你可以从这些奖励中选择其一：碎地者之戒、碎地者之徽记、碎地者之护环	这枚指环注入了我祖先的力量！行事要多加谨慎……	repo	
41518	locales_quest	OfferRewardText_loc4	法杖精通	A wise contribution. This text will be of ample use for the master. As for your reward, take this book; a summary of the master's knowledge he amassed over the years. Once you are done studying, return it to Nora upstairs.	你将获得：法杖精通	一份明智的贡献。这份文本对大师大有用处。至于你的奖赏，拿这本书去吧——里头是大师多年积累的心得。研读完了，还给楼上的诺拉。	repo	
41521	locales_quest	OfferRewardText_loc4	投掷武器精通	A wise contribution. This text will be of ample use for the master. As for your reward, take this book; a summary of the master's knowledge he amassed over the years. Once you are done studying, return it to Nora upstairs.	你将获得：投掷精通	一份明智的贡献。这份文本对大师大有用处。至于你的奖赏，拿这本书去吧——里头是大师多年积累的心得。研读完了，还给楼上的诺拉。	repo	
41524	locales_quest	OfferRewardText_loc4	枪械精通	A wise contribution. This text will be of ample use for the master. As for your reward, take this book; a summary of the master's knowledge he amassed over the years. Once you are done studying, return it to Nora upstairs.	你将获得：枪械精通	一份明智的贡献。这份文本对大师大有用处。至于你的奖赏，拿这本书去吧——里头是大师多年积累的心得。研读完了，还给楼上的诺拉。	repo	
41527	locales_quest	OfferRewardText_loc4	弩精通	A wise contribution. This text will be of ample use for the master. As for your reward, take this book; a summary of the master's knowledge he amassed over the years. Once you are done studying, return it to Nora upstairs.	你将获得：弩类精通	一份明智的贡献。这份文本对大师大有用处。至于你的奖赏，拿这本书去吧——里头是大师多年积累的心得。研读完了，还给楼上的诺拉。	repo	
41530	locales_quest	OfferRewardText_loc4	弓精通	A wise contribution. This text will be of ample use for the master. As for your reward, take this book; a summary of the master's knowledge he amassed over the years. Once you are done studying, return it to Nora upstairs.	你将获得：弓箭精通	一份明智的贡献。这份文本对大师大有用处。至于你的奖赏，拿这本书去吧——里头是大师多年积累的心得。研读完了，还给楼上的诺拉。	repo	
41533	locales_quest	OfferRewardText_loc4	长柄武器精通	A wise contribution. This text will be of ample use for the master. As for your reward, take this book; a summary of the master's knowledge he amassed over the years. Once you are done studying, return it to Nora upstairs.	你将获得：长柄精通	一份明智的贡献。这份文本对大师大有用处。至于你的奖赏，拿这本书去吧——里头是大师多年积累的心得。研读完了，还给楼上的诺拉。	repo	
41536	locales_quest	OfferRewardText_loc4	剑精通	A wise contribution. This text will be of ample use for the master. As for your reward, take this book; a summary of the master's knowledge he amassed over the years. Once you are done studying, return it to Nora upstairs.	你将获得：剑类精通	一份明智的贡献。这份文本对大师大有用处。至于你的奖赏，拿这本书去吧——里头是大师多年积累的心得。研读完了，还给楼上的诺拉。	repo	
41539	locales_quest	OfferRewardText_loc4	锤精通	A wise contribution. This text will be of ample use for the master. As for your reward, take this book; a summary of the master's knowledge he amassed over the years. Once you are done studying, return it to Nora upstairs.	你将获得：锤类精通	一份明智的贡献。这份文本对大师大有用处。至于你的奖赏，拿这本书去吧——里头是大师多年积累的心得。研读完了，还给楼上的诺拉。	repo	
41542	locales_quest	OfferRewardText_loc4	斧精通	A wise contribution. This text will be of ample use for the master. As for your reward, take this book; a summary of the master's knowledge he amassed over the years. Once you are done studying, return it to Nora upstairs.	你将获得：斧类精通	一份明智的贡献。这份文本对大师大有用处。至于你的奖赏，拿这本书去吧——里头是大师多年积累的心得。研读完了，还给楼上的诺拉。	repo	
41545	locales_quest	OfferRewardText_loc4	拳套精通	A wise contribution. This text will be of ample use for the master. As for your reward, take this book; a summary of the master's knowledge he amassed over the years. Once you are done studying, return it to Nora upstairs.	你将获得：拳套精通	一份明智的贡献。这份文本对大师大有用处。至于你的奖赏，拿这本书去吧——里头是大师多年积累的心得。研读完了，还给楼上的诺拉。	repo	
41548	locales_quest	OfferRewardText_loc4	匕首精通	A wise contribution. This text will be of ample use for the master. As for your reward, take this book; a summary of the master's knowledge he amassed over the years. Once you are done studying, return it to Nora upstairs.	你将获得：匕首精通	一份明智的贡献。这份文本对大师大有用处。至于你的奖赏，拿这本书去吧——里头是大师多年积累的心得。研读完了，还给楼上的诺拉。	repo	
41551	locales_quest	OfferRewardText_loc4	再为学徒	I knew you wouldn't forget my teachings that easily. Still, the renewal was very much needed. An art as intricate as Goldsmithing cannot be mastered unless one focuses on it entirely. I am grateful for your continued interest in this ancient craft, my pupil. May you find enlightenment in it.	将对你施放以下法术：金匠学	我就知道你不会这么快忘掉我的教诲。不过，温故确实很有必要。像金匠学这般精巧的技艺，若非全心投入便无法精通。我的学生，我很感激你对这门古老手艺的热忱。愿你在其中寻得启发。	repo	
41552	locales_quest	OfferRewardText_loc4	重新的教诲	<You kneel down and his stony palm gently touches your forehead. In an ecstatic rush of power, all the basic knowledge you acquired by his teachings long ago come rushing back to you.>	将对你施放以下法术：宝石学	<你跪了下来，他石质的手掌轻触你的额头。一股狂喜的力量涌来，你早年从他教诲中学到的一切基础知识，尽数涌回心头。>	repo	
41578	locales_quest	OfferRewardText_loc4	利爪头盔	Behold, your reward awaits: the crown, forged anew and ready to serve you in battle.	你可以从这些奖励中选择其一：爪之头盔、爪之头饰、爪之头盔	看吧，你的奖励在此：这顶头盔已重新锻造，随时为你上阵效力。	repo	
41579	locales_quest	OfferRewardText_loc4	利爪护肩	The item is restored and improved. May it serve you well in battle.	你可以从这些奖励中选择其一：爪之肩甲、爪之披风、爪之护肩	物品已修复并强化。愿它在战斗中助你一臂之力。	repo	
41580	locales_quest	OfferRewardText_loc4	利爪长袍	Don it with pride; you have more than earned it.	你可以从这些奖励中选择其一：爪之信念外衣、爪之外衣、爪之法衣	骄傲地穿上它吧，你早就配得上它了。	repo	
41581	locales_quest	OfferRewardText_loc4	利爪腿甲	May they serve you well until death claims you.	你可以从这些奖励中选择其一：爪之护腿、爪之长裤、爪之短裤	愿它们伴你征战，直到死亡将你带走。	repo	
41582	locales_quest	OfferRewardText_loc4	利爪战靴	Steady your feet; your new boots suit you well.	你可以从这些奖励中选择其一：爪之长靴、爪之便鞋、爪之长靴	站稳脚跟吧，这双新靴子很合你的脚。	repo	
41583	locales_quest	OfferRewardText_loc4	利爪护符	Behold, your reward awaits: the amulet, now stronger than ever.	你可以从这些奖励中选择其一：爪之护符、爪之坠饰、爪之项圈	看吧，你的奖励在此：这枚护符，如今比以往更加强大。	repo	
41584	locales_quest	OfferRewardText_loc4	纳斯雷兹姆头盔	Behold, your reward awaits: the crown, forged anew and ready to serve you in battle.	你可以从这些奖励中选择其一：纳斯雷兹姆头冠、纳斯雷兹姆骨帽	看吧，你的奖励在此：这顶头盔已重新锻造，随时为你上阵效力。	repo	
41585	locales_quest	OfferRewardText_loc4	纳斯雷兹姆护肩	The item is restored and improved. May it serve you well in battle.	你可以从这些奖励中选择其一：纳斯雷兹姆披风、纳斯雷兹姆肩甲	物品已修复并强化。愿它在战斗中助你一臂之力。	repo	
41586	locales_quest	OfferRewardText_loc4	纳斯雷兹姆长袍	Don it with pride; you have more than earned it.	你可以从这些奖励中选择其一：纳斯雷兹姆法衣、纳斯雷兹姆长袍	骄傲地穿上它吧，你早就配得上它了。	repo	
41587	locales_quest	OfferRewardText_loc4	纳斯雷兹姆腿甲	May they serve you well until death claims you.	你可以从这些奖励中选择其一：纳斯雷兹姆护腿、纳斯雷兹姆短裤	愿它们伴你征战，直到死亡将你带走。	repo	
41588	locales_quest	OfferRewardText_loc4	纳斯雷兹姆战靴	Steady your feet; your new boots suit you well.	你可以从这些奖励中选择其一：纳斯雷兹姆长靴、纳斯雷兹姆便鞋	站稳脚跟吧，这双新靴子很合你的脚。	repo	
41589	locales_quest	OfferRewardText_loc4	纳斯雷兹姆护符	Behold, your reward awaits: the amulet, now stronger than ever.	你可以从这些奖励中选择其一：纳斯雷兹姆护符、纳斯雷兹姆坠饰	看吧，你的奖励在此：这枚护符，如今比以往更加强大。	repo	
41590	locales_quest	OfferRewardText_loc4	兄弟会头盔	Behold, your reward awaits: the crown, forged anew and ready to serve you in battle.	你将获得：兄弟会之头盔	看吧，你的奖励在此：这顶头盔已重新锻造，随时为你上阵效力。	repo	
41591	locales_quest	OfferRewardText_loc4	兄弟会护肩	The item is restored and improved. May it serve you well in battle.	你将获得：兄弟会之护肩	物品已修复并强化。愿它在战斗中助你一臂之力。	repo	
41592	locales_quest	OfferRewardText_loc4	兄弟会胸甲	Don it with pride; you have more than earned it.	你将获得：兄弟会之胸甲	骄傲地穿上它吧，你早就配得上它了。	repo	
41593	locales_quest	OfferRewardText_loc4	兄弟会腿甲	May they serve you well until death claims you.	你将获得：兄弟会之护腿	愿它们伴你征战，直到死亡将你带走。	repo	
41594	locales_quest	OfferRewardText_loc4	兄弟会战靴	Steady your feet; your new boots suit you well.	你将获得：兄弟会之甲护胫	站稳脚跟吧，这双新靴子很合你的脚。	repo	
41595	locales_quest	OfferRewardText_loc4	兄弟会护符	Behold, your reward awaits: the amulet, now stronger than ever.	你将获得：兄弟会之项圈	看吧，你的奖励在此：这枚护符，如今比以往更加强大。	repo	
41596	locales_quest	OfferRewardText_loc4	瘟疫头盔	Behold, your reward awaits: the crown, forged anew and ready to serve you in battle.	你可以从这些奖励中选择其一：瘟疫之头冠、瘟疫之宝冠、瘟疫之头冠	看吧，你的奖励在此：这顶头盔已重新锻造，随时为你上阵效力。	repo	
41597	locales_quest	OfferRewardText_loc4	瘟疫护肩	The item is restored and improved. May it serve you well in battle.	你可以从这些奖励中选择其一：瘟疫之披风、瘟疫之护肩、瘟疫之肩铠	物品已修复并强化。愿它在战斗中助你一臂之力。	repo	
41598	locales_quest	OfferRewardText_loc4	瘟疫长袍	Don it with pride; you have more than earned it.	你可以从这些奖励中选择其一：瘟疫之长袍、瘟疫之法衣、疫医服饰	骄傲地穿上它吧，你早就配得上它了。	repo	
41599	locales_quest	OfferRewardText_loc4	瘟疫腿甲	May they serve you well until death claims you.	你可以从这些奖励中选择其一：瘟疫之护腿、瘟疫之短裤、瘟疫之长裤	愿它们伴你征战，直到死亡将你带走。	repo	
41600	locales_quest	OfferRewardText_loc4	瘟疫战靴	Steady your feet; your new boots suit you well.	你可以从这些奖励中选择其一：瘟疫之长靴、瘟疫之便鞋、瘟疫之便鞋	站稳脚跟吧，这双新靴子很合你的脚。	repo	
41601	locales_quest	OfferRewardText_loc4	瘟疫护符	Behold, your reward awaits: the amulet, now stronger than ever.	你可以从这些奖励中选择其一：瘟疫之护符、瘟疫之坠饰、瘟疫之项圈	看吧，你的奖励在此：这枚护符，如今比以往更加强大。	repo	
41602	locales_quest	OfferRewardText_loc4	狡诈头盔	Behold, your reward awaits: the crown, forged anew and ready to serve you in battle.	你将获得：欺诈者头盔	看吧，你的奖励在此：这顶头盔已重新锻造，随时为你上阵效力。	repo	
41603	locales_quest	OfferRewardText_loc4	狡诈护肩	The item is restored and improved. May it serve you well in battle.	你将获得：欺诈者肩铠	物品已修复并强化。愿它在战斗中助你一臂之力。	repo	
41604	locales_quest	OfferRewardText_loc4	狡诈胸甲	Don it with pride; you have more than earned it.	你将获得：欺诈者胸甲	骄傲地穿上它吧，你早就配得上它了。	repo	
41605	locales_quest	OfferRewardText_loc4	狡诈腿甲	May they serve you well until death claims you.	你将获得：欺诈者护腿	愿它们伴你征战，直到死亡将你带走。	repo	
41606	locales_quest	OfferRewardText_loc4	狡诈战靴	Steady your feet; your new boots suit you well.	你将获得：欺诈者马靴	站稳脚跟吧，这双新靴子很合你的脚。	repo	
41607	locales_quest	OfferRewardText_loc4	狡诈护符	Behold, your reward awaits: the amulet, now stronger than ever.	你将获得：欺诈者项圈	看吧，你的奖励在此：这枚护符，如今比以往更加强大。	repo	
41608	locales_quest	OfferRewardText_loc4	猎鸦者头盔	Behold, your reward awaits: the crown, forged anew and ready to serve you in battle.	你将获得：猎鸦者头饰	看吧，你的奖励在此：这顶头盔已重新锻造，随时为你上阵效力。	repo	
41609	locales_quest	OfferRewardText_loc4	猎鸦者护肩	The item is restored and improved. May it serve you well in battle.	你将获得：猎鸦者肩甲	物品已修复并强化。愿它在战斗中助你一臂之力。	repo	
41610	locales_quest	OfferRewardText_loc4	猎鸦者胸甲	Don it with pride; you have more than earned it.	你将获得：猎鸦者外套	骄傲地穿上它吧，你早就配得上它了。	repo	
41611	locales_quest	OfferRewardText_loc4	猎鸦者腿甲	May they serve you well until death claims you.	你将获得：猎鸦者护腿	愿它们伴你征战，直到死亡将你带走。	repo	
41612	locales_quest	OfferRewardText_loc4	猎鸦者战靴	Steady your feet; your new boots suit you well.	你将获得：猎鸦者长靴	站稳脚跟吧，这双新靴子很合你的脚。	repo	
41613	locales_quest	OfferRewardText_loc4	猎鸦者护符	Behold, your reward awaits: the amulet, now stronger than ever.	你将获得：猎鸦者项圈	看吧，你的奖励在此：这枚护符，如今比以往更加强大。	repo	
41614	locales_quest	OfferRewardText_loc4	风暴咆哮头盔	Behold, your reward awaits: the crown, forged anew and ready to serve you in battle.	你可以从这些奖励中选择其一：风暴咆哮头冠、风暴咆哮头盔、风暴咆哮头饰	看吧，你的奖励在此：这顶头盔已重新锻造，随时为你上阵效力。	repo	
41615	locales_quest	OfferRewardText_loc4	风暴咆哮护肩	The item is restored and improved. May it serve you well in battle.	你可以从这些奖励中选择其一：风暴咆哮肩铠、风暴咆哮肩铠、风暴咆哮肩甲	物品已修复并强化。愿它在战斗中助你一臂之力。	repo	
41616	locales_quest	OfferRewardText_loc4	风暴咆哮胸甲	Don it with pride; you have more than earned it.	你可以从这些奖励中选择其一：风暴咆哮胸甲、风暴咆哮法衣、风暴咆哮外套	骄傲地穿上它吧，你早就配得上它了。	repo	
41617	locales_quest	OfferRewardText_loc4	风暴咆哮褶裙	May they serve you well until death claims you.	你可以从这些奖励中选择其一：风暴咆哮护腿、风暴咆哮护腿、风暴咆哮腿铠	愿它们伴你征战，直到死亡将你带走。	repo	
41618	locales_quest	OfferRewardText_loc4	风暴咆哮战靴	Steady your feet; your new boots suit you well.	你可以从这些奖励中选择其一：风暴咆哮马靴、风暴咆哮甲护胫、风暴咆哮长靴	站稳脚跟吧，这双新靴子很合你的脚。	repo	
41619	locales_quest	OfferRewardText_loc4	风暴咆哮护符	Behold, your reward awaits: the amulet, now stronger than ever.	你可以从这些奖励中选择其一：风暴咆哮之项圈、风暴咆哮之坠饰、风暴咆哮之护符	看吧，你的奖励在此：这枚护符，如今比以往更加强大。	repo	
41620	locales_quest	OfferRewardText_loc4	守护者头盔	Behold, your reward awaits: the crown, forged anew and ready to serve you in battle.	你可以从这些奖励中选择其一：守护者之头冠、守护者之头饰	看吧，你的奖励在此：这顶头盔已重新锻造，随时为你上阵效力。	repo	
41621	locales_quest	OfferRewardText_loc4	守护者护肩	The item is restored and improved. May it serve you well in battle.	你可以从这些奖励中选择其一：守护者之披风、守护者之肩铠	物品已修复并强化。愿它在战斗中助你一臂之力。	repo	
41622	locales_quest	OfferRewardText_loc4	守护者长袍	Don it with pride; you have more than earned it.	你可以从这些奖励中选择其一：守护者之长袍、守护者服饰	骄傲地穿上它吧，你早就配得上它了。	repo	
41623	locales_quest	OfferRewardText_loc4	守护者腿甲	May they serve you well until death claims you.	你可以从这些奖励中选择其一：守护者之护腿、守护者之长裤	愿它们伴你征战，直到死亡将你带走。	repo	
41624	locales_quest	OfferRewardText_loc4	守护者战靴	Steady your feet; your new boots suit you well.	你可以从这些奖励中选择其一：守护者之长靴、守护者之便鞋	站稳脚跟吧，这双新靴子很合你的脚。	repo	
41625	locales_quest	OfferRewardText_loc4	守护者护符	Behold, your reward awaits: the amulet, now stronger than ever.	你可以从这些奖励中选择其一：守护者之坠饰、守护者之护符	看吧，你的奖励在此：这枚护符，如今比以往更加强大。	repo	
41626	locales_quest	OfferRewardText_loc4	狮心头盔	Behold, your reward awaits: the crown, forged anew and ready to serve you in battle.	你可以从这些奖励中选择其一：狮心头饰、狮心头盔、狮心头冠	看吧，你的奖励在此：这顶头盔已重新锻造，随时为你上阵效力。	repo	
41627	locales_quest	OfferRewardText_loc4	狮心护肩	The item is restored and improved. May it serve you well in battle.	你可以从这些奖励中选择其一：狮心肩甲、狮心护肩、狮心肩铠	物品已修复并强化。愿它在战斗中助你一臂之力。	repo	
41628	locales_quest	OfferRewardText_loc4	狮心胸甲	Don it with pride; you have more than earned it.	你可以从这些奖励中选择其一：狮心胸甲、狮心胸甲、狮心胸甲	骄傲地穿上它吧，你早就配得上它了。	repo	
41629	locales_quest	OfferRewardText_loc4	狮心腿甲	May they serve you well until death claims you.	你可以从这些奖励中选择其一：狮心腿铠、狮心护腿、狮心护腿	愿它们伴你征战，直到死亡将你带走。	repo	
41630	locales_quest	OfferRewardText_loc4	狮心战靴	Steady your feet; your new boots suit you well.	你可以从这些奖励中选择其一：狮心长靴、狮心甲护胫、狮心马靴	站稳脚跟吧，这双新靴子很合你的脚。	repo	
41631	locales_quest	OfferRewardText_loc4	狮心护符	Behold, your reward awaits: the amulet, now stronger than ever.	你可以从这些奖励中选择其一：狮心护符、狮心坠饰、狮心项圈	看吧，你的奖励在此：这枚护符，如今比以往更加强大。	repo	
41632	locales_quest	OfferRewardText_loc4	地穴追猎者指环	At last, you are complete.	你将获得：地穴追猎者指环	你终于完整了。	repo	
41633	locales_quest	OfferRewardText_loc4	骨镰指环	You may yet prove to be a decent $C after all.	你将获得：骨镰之戒	看来你终究还算是个像样的$C。	repo	
41634	locales_quest	OfferRewardText_loc4	马吉勒斯的魔法事故	Simply marvelous. A job well done. Thronda should listen well and follow your example. She has great potential, but her lack of discipline is a dire thorn in my side - and hers, too. Still, I can only partially blame her, for it is my sworn duty to her parents to foster her magical talent as much as her growth as a person.$B$BYou have my deepest gratitude, good traveler. Before you go, take one of these as compensation for the troubles. Be sure to step wary during these trying times.	你可以从这些奖励中选择其一：玛姬露的塔罗图鉴、兜帽退学者便鞋	真是妙极了。干得漂亮。斯尔奥恩达该好好听着，以你为榜样。她天赋极高，可缺乏纪律这一点，既是我心头的大刺，也是她的。不过，我也只能怪她一半——毕竟我曾向她父母立誓，既要培育她的魔法天赋，也要助她成长为人。$B$B好旅人，我由衷感谢你。走之前，收下一件作为补偿。眼下时局多艰，务必步步留心。	repo	
41635	locales_quest	OfferRewardText_loc4	痛击迪菲亚	Is it done? Is this the head of their mongrel leader? Good riddance to them, their lot has chosen what path to tread - a path leading to their timely demise. I appreciate your courage, adventurer. Here, take this as reward for the good deed. With your actions, we may soon live our solemn lives yet again.	你将获得：伐木工外衣	办妥了？这就是他们那个杂种首领的首级？他们死得好，那帮家伙既已选了自己的路——一条通向灭亡的路。冒险者，我欣赏你的胆量。来，收下这份奖赏。有你这样的作为，我们或许很快就能重归安稳的日子。	repo	
41637	locales_quest	OfferRewardText_loc4	学院的援手	Wonderful, their delighted expressions cast a smile on my own face everytime I see them. These children are the future of the Alliance, and it is our responsibility to prepare them for their own decisions as best as we possibly can. I will make sure the Church knows about your contributions today, good deeds will not go unnoticed. Did you learn something yourself, by chance? The island of Balor is a divisive topic within the kingdom, many of the superstitious dare not mention its name still. Regardless, it is part of our past and as such should be remembered.	你将获得：训斥之杖	太好了，每次看到他们欢喜的神情，我自己也会笑出来。这些孩子是联盟的未来，而我们责任所在，就是尽力让他们为自己的人生抉择做好准备。我会确保教会知晓你今日的贡献——善行不会被忽视。你自己可有学到什么吗？巴罗岛在王国里是个争议不断的话题，许多迷信的人至今不敢提起它的名字。但无论如何，它都是我们过去的一部分，理应被记住。	repo	
41639	locales_quest	OfferRewardText_loc4	森林已变	<The witch is cackling in an uncomfortable manner.>$B$BUseful after all. Here, some homebrewed potions of mine, just for you. You may stay a while and ask me anything. The woods have knowledge most don't dare to ask...	你可以从这些奖励中选择其一：侦测次级隐形药剂、次级隐形药水、抗魔药水	<女巫以一种令人不适的方式咯咯笑着。>$B$B到底还是派上了用场。喏，我自酿的几瓶药水，专门给你的。你可以在这儿待一会儿，想问什么就问。这片林子知道的事，多数人是不敢问的……	repo	
41640	locales_quest	OfferRewardText_loc4	不得安宁	There it is! I cannot thank you enough, truly! Had I lost these, I wouldn't know if I'd be able to bear it. Everything in here are memories of the good friends I made during my time as a mountaineer, ones that visited me and my mountain rest whenever their duty took a toll on their bodies. For their sake, we have to reclaim it as soon as possible.	你可以从这些奖励中选择其一：巡山人破裂、灰烬之拳长靴、雪天使法杖	就是它！我真不知道该怎么谢你！要是把这些弄丢了，我怕自己根本承受不住。这里头全是我当巡山人时结识的好友留下的念想——每当公务把他们累垮，他们就会来山里看我、歇歇脚。为了他们，我们得尽快把这里夺回来。	repo	
41646	locales_quest	OfferRewardText_loc4	有备无患	<Operative Hawthorne lets out a deep sigh hearing your findings. Looking clearly exhausted, he begins rubbing his eyes as a sign of defeat.>$B$BThis whole ordeal proves to be more of a conundrum than I had hoped it would be. All three suspects act unrelated to our case, setting us back to zero. As much as it dismays me, I have to start my investigation anew. I will revoke your deputization; what you've done for me saved me valuable time, but I cannot demand any more of you. If I am fortunate enough, then the SI:7 will send someone to support me here. Until then, I must focus on my work. Farewell, $N.	你可以从这些奖励中选择其一：黑石锋利的切肉刀、灰木弓	<特工霍桑听完你的发现，长长地叹了口气。他显然疲惫不堪，开始揉眼睛，像是认了输。>$B$B这一整桩事到头来比我希望的还要难解。三名嫌犯的行为都与本案无关，我们又回到了原点。尽管沮丧，我还是得重新开始调查。我会撤销你的副手委任；你为我做的已经省下我宝贵的时间，我不能再多要求你什么。若我运气够好，军情七处会派人来支援我。在那之前，我必须专心办案了。再会，$N。	repo	
41656	locales_quest	OfferRewardText_loc4	悬赏：龙喉	You have come to claim your bounty have you?$B$B<Commander Aggnash lets out a hearty laugh.>$B$BYour actions this day may have saved lives within Shatterblade and for that you have my thanks. Your actions are worthy of the Horde, and even more worthy of reward.	你可以从这些奖励中选择其一：裂刃护手、远征队长靴	你是来领赏金的吧？$B$B<阿格娜什指挥官爽朗地大笑。>$B$B你今日的作为或许让裂刃的许多人保住了性命，为此我得谢你。你的行动无愧于部落，更无愧于这份奖赏。	repo	
41658	locales_quest	OfferRewardText_loc4	消灭龙喉	<Commander Aggnash looks on with a slight gaze of disbelief>$B$BYou were successful?$B$B<Commander Aggnash lets out a hearty laugh>$B$BYou have overcome your enemy, you have defeated Korlag! A mighty foe such as him was a dauntless task, and yet here you are, victorious. Be proud in your glory today, for you have done what very few could achieve.$B$BTake this, as a thanks from the Horde itself!	你可以从这些奖励中选择其一：厄运之歌护腕、扎姆格斯之腰带、格斯卡尔的护腿	<阿格娜什指挥官带着几分难以置信看着你。>$B$B你成功了？$B$B<阿格娜什指挥官爽朗地大笑起来。>$B$B你战胜了敌人，击败了科尔拉格！像他这样的强敌本是无畏的难题，可你偏偏站在这里，凯旋而归。今日你该为自己的荣耀而骄傲，因为你做到了极少有人能做到的事。$B$B收下这个，这是部落本身的谢意！	repo	
41660	locales_quest	OfferRewardText_loc4	暗炉城的进犯	Glory and honor to your name! You have defeated our foe, and brought victory to the Horde. I have prepared a few items, take one and let it help on your journey.	你可以从这些奖励中选择其一：黑铁青铜之锤、格罗尔丹的披风	荣耀与光荣归于你的名字！你击败了我们的敌人，为部落带来了胜利。我备了几件东西，挑一件，让它陪你走完接下来的路。	repo	
41661	locales_quest	OfferRewardText_loc4	悬赏：琥珀爪	I hope the poor merchant was simply robbed and not beaten for blood—or worse. Alas, you have done your part, and for that, I am more than thankful. There is little I can offer, but take this. It was the last painting I did.	你将获得：树叶之决斗	我希望那位可怜的商人只是被抢了财物，而不是被打得流血——或者更糟。总之，你尽到了自己的本分，对此我不胜感激。我拿不出什么，就收下这幅画吧。那是我画的最后一幅。	repo	
41665	locales_quest	OfferRewardText_loc4	琥珀色的厌恶	Duke Sherwood is a close friend; many times he has denied the use of servants. It warms my heart to think he would find one in you. My armory is humble, and these are trying times—at most, for your service, I can reward you with this.	你可以从这些奖励中选择其一：叶卫、琥珀木巨斧	谢尔伍德公爵是我的挚友，他多次拒绝使用仆人。想到他会在你身上破例，我就觉得欣慰。我的武备库很简陋，眼下又是艰难时世——为你的辛劳，我最多只能以此相赠。	repo	
41666	locales_quest	OfferRewardText_loc4	琥珀釉甜甜圈	Ah, there you are! Thank you, thank you. I believe they were going to dismantle my stall if you hadn't shown up when you did. As promised—a free pack of Amberglaze Donuts and an extra coin as a tip.	你将获得：琥珀釉甜甜圈	啊，你来了！谢谢，谢谢你。要不是你及时赶到，他们怕是要把我的摊子给拆了。按约定——一包免费的琥珀釉甜甜圈，外加一枚小费。	repo	
41667	locales_quest	OfferRewardText_loc4	需要鞋子	Hey $N, is she still looking at me? Bah, that woman makes me so uncomfortable. Anyway, did you manage to get the horseshoes? Oh, thank the Light. Here, take this and be quick about it. And, just in case, don't show up during the tournament.	你将获得：激流堡卫之魔棒	喂，$N，她还在盯着我看吗？唉，那女人让我浑身不自在。对了，马蹄铁拿到了吗？哦，感谢圣光。喏，拿着这个，动作快点。还有——以防万一，比赛期间别露面。	repo	
41668	locales_quest	OfferRewardText_loc4	礼品袋	Hand them over; everything is ready. You may take an apple yourself for helping me out.	你将获得：新鲜的红苹果	都交给我吧，一切就绪。你帮了我，可以自己拿一个苹果。	repo	
41669	locales_quest	OfferRewardText_loc4	配得上王子！	Grandmother sent you, and she said that? Oh, I miss her dearly. I can't wait to try everything she sent me. I hear the donuts are very famous in Northwind. And I will treasure this toy from Mother forever. Thank you, adventurer. You have done me a great favor, and as Prince of Stormwind, I would reward you with something from our armory—if I could. Instead, I will give you this book I have from the Archbishop.$B$BDo come and tell me of your adventures sometimes; this palace is dull and boring. I could use a friend.	你将获得：祈祷之记录图鉴	是奶奶派你来的？她还说了那些话？哦，我真想她。她寄来的东西我迫不及待要一一尝遍。听说北风的甜甜圈很有名气。而母亲给我的这个玩具，我会永远珍藏。谢谢你，冒险者。你帮了我一个大忙；作为暴风城的王子，我本该从军械库里挑样东西赏你——可我做不到。那就把我从大主教那里得来的这本书送给你吧。$B$B有空常来跟我讲讲你的冒险，这座宫殿又沉闷又无聊。我需要一个朋友。	repo	
41671	locales_quest	OfferRewardText_loc4	铭记亡者	With this returned, so too does hope return. During the gospel this year, we will reconnect with those whose faith has dimmed, for that is exactly what they need amidst the chaos enveloping these lands.	你将获得：哀嚎修女长袍	随着它被送回，希望也回来了。今年的福音仪式上，我们要与那些信仰已经黯淡的人重新连结——在这片土地被混乱笼罩之时，他们正需要这个。	repo	
41674	locales_quest	OfferRewardText_loc4	葡萄酒复仇者	You have slain that many? Good! Their blood will nourish the soil, and the grapes that grow from it will bear the sweet taste of victory.	你可以从这些奖励中选择其一：火葬大师的兜帽、克劳福德锁甲	你杀了这么多？很好！它们的血会滋养土壤，长出的葡萄会带着胜利的甘甜。	repo	
41676	locales_quest	OfferRewardText_loc4	边境上的兽人	Without their leaders, the remaining orcs should return to their filthy lands.	你可以从这些奖励中选择其一：奥祖克的穿刺者、霸主之剑刃、钢牙	没了首领，残存的兽人该滚回他们肮脏的故土了。	repo	
41677	locales_quest	OfferRewardText_loc4	比铁更暗	I heard them blowing up from here. Great job, pick one of these.	你可以从这些奖励中选择其一：琥珀木护腕、黑铁手套	我在这儿都听见它们炸开了。干得好，挑一件吧。	repo	
41678	locales_quest	OfferRewardText_loc4	琥珀色的光	Good, here is your prize. May the Light smite you should you falter from its path.	你将获得：琥珀披肩	很好，这是你的奖赏。若你偏离圣光之道，愿圣光惩罚你。	repo	
41681	locales_quest	OfferRewardText_loc4	卫葛斯识途	Fleshy return with smelly orc.$B$BWiggles carry back to master.$B$BSmelly lost this, fleshy keep.$B$BBye fleshy.	你将获得：火葬大师的兜帽	肉肉的带回了臭兽人。$B$B卫葛斯要把它搬回去给主人。$B$B臭臭把它弄丢了，就归肉肉的了。$B$B再见，肉肉的。	repo	
41682	locales_quest	OfferRewardText_loc4	卑劣的矮人猪	You may keep that pouch, I no longer need it.	你将获得：黑铁手套、魔纹包	那个袋子你留着吧，我已经用不着了。	repo	
41683	locales_quest	OfferRewardText_loc4	渣滓就该待在渣滓里	A job well done, and a reward well deserved.	你可以从这些奖励中选择其一：霸主之剑刃、奥祖克的穿刺者、钢牙	干得漂亮，这份奖励你当之无愧。	repo	
41685	locales_quest	OfferRewardText_loc4	隐晦的威胁	So Hawthorne deputized you as assistant for his investigations in Northwind. Let me see what results you have to show.$B$B<Shaw takes a thorough look through Hawthorne's journal and an even more thorough read over the letter you have found at the orc camp. With a stern expression, he rolls the parchment and shows you the seal at the end of it.>$B$BThis is the seal of the Stormreaver Clan. This is an old orc clan we believed to have perished at the end of the Second War. I have read through this letter and what's inside matches with the kingdom's ailments: They issued the abductions of careless citizens, but turned their focus to Northwind for some unknown reason. Still, this is not the most alarming revelation about this whole ordeal. But first, a reward for your assistance.	你可以从这些奖励中选择其一：军情七处荣誉部落的勋章、刺客之护环、特工斗篷	所以霍桑把你雇为助手，帮他在北风查案。让我看看你查出了什么。$B$B<肖仔细翻过霍桑的日志，又把你在兽人营地找到的那封信读了更仔细的一遍。他神情严峻，把羊皮纸卷起，让你看末尾的印记。>$B$B这是风暴掠袭者氏族的印记。那是个古老的兽人氏族，我们本以为他们在二次大战末期就灭绝了。这封信我读完了，内容与王国的病症吻合：他们下令绑架疏于防范的平民，却不知为何把注意力转向了北风。不过，这还不是整桩事里最令人警觉的发现。先给你应得的奖励吧。	repo	
41687	locales_quest	OfferRewardText_loc4	舍伍德采石场的苦难	Wonderful, just retribution for trespassing into my lands, raiding Birkhaven and ruining my mining schedules! They've got what they had coming for them! I must thank you. Here, choose something to your liking, someone of your caliber more than deserved it.	你可以从这些奖励中选择其一：贵族之毒刃、怜悯之腰带	太好了，这是他们闯进我的地盘、洗劫比尔克庇护所、搅乱我采石计划的报应！他们活该！我得谢谢你。来，挑一件合意的——以你的本事，远远配得上。	repo	
41691	locales_quest	OfferRewardText_loc4	有人会说这是骗术	<The old hag grinds up the herbs in a mortar before mixing in the gooey ambersap. Stirring the ointment, she applies it onto a new bandage. Carefully removing the old one, another batch is spread over the little ducks wound, much to its dismay. With quick but delicate movements the witch wraps the bandage around its left wing, securing it in place.>$B$BThere, darling; this will help it recover very quickly. Defenseless creatures like our friend here rarely have such luck at meeting a kind soul like you. And judging by its behaviour, it recognizes your efforts just as much. Your actions formed a formidable bond today. Make sure to foster it greatly, as power lies deeply rooted in such connections.	你将获得：比利	<老太婆用药杵把草药捣碎，再拌入黏稠的琥珀树液。她搅匀药膏，涂到一条新绷带上。小心地取下旧绷带，又一批药膏敷在小鸭子的伤口上，疼得它好不委屈。女巫动作利落又轻柔地把绷带缠上它的左翼，固定妥当。>$B$B好了，宝贝；这能让它好得很快。像我们这位朋友这样毫无自保之力的小家伙，很少有幸遇到你这样的好心人。看它的样子，它同样记着你的付出。你的行为今日结下了一份了不起的羁绊。务必好好珍视——力量深深根植于这样的联系之中。	repo	
41694	locales_quest	OfferRewardText_loc4	深入至暗之地	A pity, those were valuable agents we've lost today. I'll send missives to their families, their service to the Kingdom won't be forgotten. Now, regarding this scroll...	你可以从这些奖励中选择其一：半溶解婚纱指环、酷刑之者马裤	可惜了，我们今天失去的都是得力的密探。我会给他们的家人送信，他们为王国所做的贡献不会被遗忘。现在，说说这卷轴……	repo	
41697	locales_quest	OfferRewardText_loc4	恶魔遍地	Mission accomplished. Well done, $C. Sadly, I suspect we cannot ultimately cut off the demonic forces here with their warlocks still up and running. But we take any little victory we can get. Remember, this is a war against numbers, gotta use what you got to your advantage! Speaking of advantage, this tablet you brought with you has to contain crucial information about the demon's involvement in all of this. I just know it! I will bring it to Noppsy, he'll know what needs to be done.	你将获得：哈瑞丽丝的鞭子	任务完成。干得好，$C。遗憾的是，只要那些术士还在活动，我们恐怕终究没法彻底切断这里的恶魔势力。但能拿到多少小胜，我们就拿多少。记住，这是一场拼数量的战争，得把手上的东西用到极致！说到优势——你带回来的这块石碑里，肯定藏着恶魔插手此事的关键情报。我就知道！我会把它带给诺普西，他知道该怎么办。	repo	「诺普西」= 62458 Noppsy Spickerspan
41698	locales_quest	OfferRewardText_loc4	炸药令我心跳砰然！	Ohoho, fine handiwork, friend. Those demon-hugging orcs will be in for a surprise once we press this detonator here and all the explosive goodness is just flying all around them!$B$B<Rufus' eyes are full of glee, to the point where he appears like an overly joyous bearded child.>$B$BHo, this reminds me of that one time I almost blew up the Dwarven District in Stormwind. I'll share the story with you over an ale after we're done brooding over this blasted island. An honest dwarven promise!	你将获得：简易投掷炸弹	哦嚯嚯，好手艺啊，朋友。等我们按下这个起爆器，让那些爆炸的好东西在他们四周乱飞，那帮抱着恶魔大腿的兽人就有得瞧了！$B$B<鲁夫斯眼里满是狂喜，简直乐得像个胡子拉碴的孩子。>$B$B嚯，这让我想起有一回我差点把暴风城的矮人区给炸了。等我们为这该诅咒的岛屿操心完，我一边喝酒一边讲给你听。矮人一言为定！	repo	
41700	locales_quest	OfferRewardText_loc4	黄金体验	My compass! Does that mean Verix got what he deserved? Good riddance to him, if you ask me. One goblin's misery is another goblin's fortune, as we like to say. With my compass back in my possession, all that is left is to repair the Gullwing into workable shape. Thank you for your help, $C. You can keep some of the coins that Verix looted. If you want to keep lending your hand, we won't say no.	你可以从这些奖励中选择其一：地精鼻环指环、维里克斯的领航斗篷	我的罗盘！这么说维里克斯得到了他该得的下场？要我说，他死得好。我们哥布林有句话：一个哥布林的不幸，就是另一个哥布林的财运。罗盘回到我手里，剩下的就是把鸥翼号修到能用。谢谢你的帮忙，$C。维里克斯搜刮来的金币你可以留一些。要是你还想搭把手，我们绝不推辞。	repo	
41702	locales_quest	OfferRewardText_loc4	收拾潮水	I have to admit, I'm impressed. The others and I were waging with how many limbs you'd return or if we'd have to fish your limp body out of the ocean. Guess I'll owe Rikki some gold when we're back in Booty Bay. Regardless, incredible display of skills by you. Yunie will be relieved to have one less issue holding us back. If you're ever bored of adventuring around the world, the Steamwheedle Headquarters in Undermine are always in need of capable bruisers. Think about it, you'd fit right in!	你可以从这些奖励中选择其一：潘妮的碎蟹器、招潮者胸甲	我得承认，我很佩服。我和其他人一直在赌你会带着几条肢体回来，还是我们得从海里把你的软身子捞上来。看来等我们回藏宝海湾，我得输给瑞克基几个金币了。不管怎么说，你的身手真是惊人。少了一个拖累，阿恩伊会松一口气。要是哪天你在外头冒险闯腻了，安德麦的热砂总部永远缺能打的狠角色。考虑一下，你准能融入进去！	repo	
41703	locales_quest	OfferRewardText_loc4	以零件换人情	Color me surprised, a whole treasure trove full of valuable materials. This alone should suffice for rebuilding the outer frame of the Gullwing. I have to say, I didn't expect you to be so successful. But that was to be expected for someone crazy enough to come to such a backwater island willingly, I suppose? Either way, we owe you one big time, friend. Goblin promise!	你可以从这些奖励中选择其一：掠夺的海盗礼帽、涂焦油的护肩	真让我吃惊，整整一箱值钱的材料。光凭这些，就够重建鸥翼号的外框了。不得不说，我没想到你能办得这么漂亮。不过，愿意跑到这种穷乡僻壤小岛上来的人，本来就够疯的，是吧？总之，我们欠你一个大人情，朋友。哥布林一言为定！	repo	
41708	locales_quest	OfferRewardText_loc4	刺痛的摇篮曲	An unusally biting odor. Extracting a functioning poison from them might take some time, but the result will be worth the effort tenfold. I must thank you, your assistance accelerates the success of this mission more than you'd think.	你可以从这些奖励中选择其一：轻足莫卡辛鞋、治疗之护手	一股异常刺鼻的气味。要从它们身上提炼出可用的毒药得花些时间，但回报会十倍于所费。我得谢谢你——你的协助让这次任务的成功来得比你想的更快。	repo	
41711	locales_quest	OfferRewardText_loc4	平息风暴	Naga, you say?! This is truly bad news. If these slithering demons are behind this phenomenon, then I dare not think what their true intentions are. For now we have thwarted their ambitions. However, I do wonder, has this pearl been here all along? If so, was it always broken? And if not, why was it brought here; and by whom? The naga or the murlocs? Many unanswered questions still lie before us and none of them seem to be easily answered. Either way, I must thank you for your assistance. Our findings today helped me gain a better understanding of Balor's unending storm. Once I return to Davenburg, I will send notice to the Council of Tides in Boralus about the pearl, as well as the naga's involvement in all of this. With their ongoing incursions onto Kul Tiras, I am afraid this won't be the last we've seen of them.$B$BPlease, take this as humble compensation for your deeds.	你可以从这些奖励中选择其一：水术师兜帽、洞察之项圈。你将获得：珠光的碎片。	你说纳迦？！这真是坏消息。若这些蜿蜒爬行的恶徒是这现象背后的黑手，那他们的真正意图我简直不敢去想。眼下我们挫败了他们的图谋。不过我在想：这颗珍珠是一直都在这里吗？若是，它一直就是破碎的吗？若不是，它为何被带到这里，又是谁带来的？纳迦还是鱼人？仍有太多疑问摆在我们面前，而且似乎没有一个容易解答。无论如何，我必须感谢你的协助。今日的发现让我对巴罗无尽的风暴有了更深的理解。等我一回到达文堡，就会把珍珠以及纳迦牵涉其中的事，呈报给博拉勒斯的潮汐议会。以他们近来对库尔提拉斯的不断侵袭来看，恐怕这不会是最后一次。$B$B请收下这个，作为你所作所为的一点微薄补偿。	repo	
41712	locales_quest	OfferRewardText_loc4	远方家书	<Griselda is reading the dusty letter carefully, so as not to rip its paper with an unmindful move. A bittersweet expression hushes across the face, her eyes showing mild shock, but not the kind brought upon by bad news. Instead, a smile whisks itself upon her lips.>	你将获得：水下诱鱼器	<格里塞尔达小心翼翼地读着那封积尘的信，生怕一个不留神就扯破纸页。一丝苦涩而温柔的神情掠过她的脸，她眼中微露惊讶，却不是得知坏消息的那种。取而代之，一抹笑意爬上了她的嘴角。>	repo	两个同名 NPC：52026「格里希尔达」/ 62144「格里塞尔达提尔伊」；此处按自定义链取后者
41715	locales_quest	OfferRewardText_loc4	再入大骨库	Are you headed back into the Scholomance, $N? You've already paid such a great price for the use of the Divination Scryer - perhaps you'd like to take another one with you. With it, you'd be able to face the perils of the Great Ossuary once more.$B$BBy all means, have it. You've certainly earned it.	你将获得：预言水晶球	$N，你还要再进通灵学院？为使用预言水晶球，你已经付出了不小的代价——或许你愿意再带一个上路。有了它，你便能再次面对大骨库里的凶险。$B$B尽管拿去。这你受之无愧。	repo	
41721	locales_quest	OfferRewardText_loc4	扎姆盖斯要塞	The day of victory has come at last, your actions have paved the way for the Horde to claim this land for itself. Thrall's wisdom is clear in your actions.$B$BYou shall be rewarded for your work this day.	你可以从这些奖励中选择其一：荒野皮甲、痕织护腿、裂刃肩铠	胜利之日终于到来，你的行动为部落占据这片土地铺平了道路。你的作为里处处可见萨尔的智慧。$B$B今日的功劳，自当有赏。	repo	
41724	locales_quest	OfferRewardText_loc4	雷斯卡格的背叛	I am pleased. To think one would betray their oaths, friends, and loyalties for power sickens me to my core. You have done the Horde a service in rooting out such a vile traitor.$B$BTake this, may it aid your cause even further.	你可以从这些奖励中选择其一：变节者战斗长靴、泥牙法杖	我很满意。一想到有人为了力量背弃誓言、朋友与忠诚，我就从心底作呕。你为部落铲除了这样一个卑劣的叛徒。$B$B拿着这个，愿它助你的事业更进一步。	repo	
41726	locales_quest	OfferRewardText_loc4	打捞残骸	Such fine craftsmanship, you can tell goblin or gnomish hands touched such engineering.$B$BWith these parts I will be able to advance our efforts in Shatterblade Post even further.$B$BI must commend you for your work. Without the components and parts you have recovered this basecamp would be left in the stone age.$B$BTake one of these items, hopefully you will see use out of them.	你可以从这些奖励中选择其一：哈莱克的战斗扳手、攻城工程师护目镜	好精良的工艺，一看就知道这工程出自哥布林或侏儒之手。$B$B有了这些零件，我就能让裂刃哨所的进展再快一步。$B$B我得夸夸你。没有你找回来的这些构件与零件，这座营地还停留在石器时代呢。$B$B挑一件东西吧，但愿它们能派上用场。	repo	
41731	locales_quest	OfferRewardText_loc4	乌瑟克的仪式	The power of the Uth'okk gemstone is flowing through my veins... Such power is euphoric!$B$BI am reborn, and I have you to thank for doing all my work.$B$B<Far Seer Mothang lets out a deep, and sinister laugh.>$B$BThe Pendant of Uth'okk has been sapped of its power, but I am sure you can make some use of it.$B$B<Far Seer Mothang lets off a deep smirk.>$B$BFarewell $C.	你将获得：乌索克之坠饰	乌索克宝石的力量正流淌在我的血脉里……这般力量令人狂喜！$B$B我重生了，这都多亏你替我做了所有的事。$B$B<先知莫萨发出一阵低沉而阴森的笑。>$B$B乌索克之坠饰的力量已被抽干，不过我相信你还是能派上点用场。$B$B<先知莫萨露出一个意味深长的笑容。>$B$B再会了，$C。	repo	物品 41797 是「乌索克之坠饰」，但任务标题写「乌瑟克」——两者不一致，建议统一
41733	locales_quest	OfferRewardText_loc4	重铸圣物	I have done some studying while you were gone, and looked over the mechanism. I believe I may have figured out at the least how to power it, but in its state of decay I cannot guarantee this will work.$B$B<Tarwegg takes the materials, and begins to power the Ancient Power Module within the mechanism itself. With a soft click, the machine begins to whirr into life, albeit, at a slow, and decrepit pace.>$B$BAha! I have done it, I thank you for bringing the relic to me to study and work on, may its power help you on your journey.	你将获得：充能圣物机关	你不在的时候我做了些研究，也把这机械装置看了一遍。我想至少弄清了该怎么给它供能，但以它现在这副朽坏的样子，我没法保证一定能成。$B$B<塔尔韦格接过材料，开始为装置内的远古能量模块充能。随着一声轻响，机器缓缓转动起来——虽然慢得可怜，还带着老旧的滞涩。>$B$B啊哈！我成功了，多亏你把这件遗物带来给我研究、动手。愿它的力量助你一路顺遂。	repo	
41742	locales_quest	OfferRewardText_loc4	驱除邪恶	I can feel it, the flames corruption has been snuffed.$B$BYour efforts here are monumental, and without your help I would have been left nearly helpless. In time, the land should heal, and the elements should rest. I shall remain to study this transformation.$B$BAs a thanks for your actions, I offer you a reward worthy of your effort. Go with honor friend.	你可以从这些奖励中选择其一：先知的护环、痕铸锁甲、远见之头巾、约尔塞格的权杖	我能感觉到——火焰中的腐化已经熄灭了。$B$B你在此地的付出意义重大，若没有你，我几乎束手无策。假以时日，这片土地会自我修复，元素也会归于安宁。我会留下来研究这场转变。$B$B为答谢你的作为，我送上一份配得上你辛劳的奖励。带着荣耀去吧，朋友。	repo	
41745	locales_quest	OfferRewardText_loc4	女神之力	Behold, a great power is now bestowed upon us. I never thought I would witness such a day when the sheer power of the goddess herself answered my call. The Scythe of Elune has been restored, and its power shall now lies within your hands to guard, and safekeep against the evils that encroach upon our world.$B$BWith such great power, shall come a great responsibility $C. It is entrusted upon you to uphold this artifact, and enact the will of Elune herself upon those that would threaten our purpose.	你将获得：艾露恩之镰	看吧，一股伟大的力量已赐予我们。我从没想过能亲眼见到女神本身的力量回应我的召唤。艾露恩之镰已然复原，它的力量而今交由你保管，用以抵御侵蚀我们世界的邪恶。$B$B$C，如此强大的力量也意味着沉重的责任。守护这件神器、向那些威胁我们使命之人施行艾露恩的意志，都托付给你了。	repo	
41746	locales_quest	OfferRewardText_loc4	奥术散发	You've recovered the residue, nice work. I must say I was not so sure it was responsible sending some traveler to clean up our mess, but it seems to have worked out in the end.$B$BPlease, on behalf of us here, take these potions, they may be of use on your journey.	你将获得：初级法力药水	你把残留物取回来了，干得好。老实说，派一个路过的旅人来替我们收拾烂摊子，我本有些不放心，但看来结果还不错。$B$B请代表我们这些人，收下这些药水，也许你路上用得上。	repo	
41747	locales_quest	OfferRewardText_loc4	阿祖拉之塔	The delivery of scrolls? Zaldimar must have sent you. I must admit, that I miss his presence at the tower, he was always such a skilled pupil.$B$BThese scrolls will be put to good use, I can assure you that. Please, take this, as a thanks from us at the Tower of Azora.	你可以从这些奖励中选择其一：耐力卷轴、精神卷轴	送卷轴来的？一定是扎尔迪玛派你来的。老实说，我很想念他在塔里的日子——他一直是个出色的学生。$B$B这些卷轴会派上大用场，我向你保证。请收下这个，就当是阿祖拉之塔的一点谢意。	repo	
41748	locales_quest	OfferRewardText_loc4	师徒	A bright mind has been lost this day. In another world perhaps he could have truly been one of the great wizards of Azeroth.$B$B<Theocritus lets out a deep, and long sigh.>$B$BI doubt I will find another like him, and still, I must thank you for doing what must be done. Take this, as a personal thanks from me, to you.	你将获得：忒奥克里托斯的指环	今天失去了一位聪慧的心灵。也许在另一个世界，他真能成为艾泽拉斯的伟大法师之一。$B$B<塞欧克瑞图斯长长地叹了口气。>$B$B我想我再也找不到像他那样的人了，但我仍要谢谢你做了必须做的事。收下这个吧，这是我个人给你的谢意。	repo	
41749	locales_quest	OfferRewardText_loc4	石傀儡的残骸	That's what I'm talking about! This beauty will pay a pretty sum of gold with those Shadowfo-... Oh, you're still here. Right! Your reward. Here, take this and some coin on top of it, you really made this goblin's day!	你可以从这些奖励中选择其一：苔皮腰带、沼水手套、苔链护腕	这才像话！有了这宝贝，卖给那些暗炉……哦，你还在啊。对！你的奖赏。喏，拿着这个，再添几个金币——你可真让本哥布林今天走了大运！	repo	
41750	locales_quest	OfferRewardText_loc4	击败孤峰	<You don't have much time to react as you hand Grimbite the head of Gowlfang. With untamed wrath and hate, the gnoll tears the head out of your hand, before viciously biting into it, ravaging it into an unrecognizable state. After he is done, he tosses what is left into the near bog, letting it sink to the ground of the swamp. A yowling scream escapes Grimbite's jaw, the other gnolls follow suit. The howling persists for a few moments, echoing throughout all of the Wetlands.>$B$BGowlfang is dead! Mosshide now truly free! You member of Mosshide, forever. Take this, for killing Betrayer.	你将获得：苔皮指环	<你还来不及反应，就把孤峰的头颅递给了格里姆比泰。带着不加掩饰的暴怒与憎恨，这豺狼人一把夺过头颅，狠狠咬了下去，将它撕咬得面目全非。做完这一切，他把残余扔进近旁的泥沼，任其沉入沼底。一声嗥叫从格里姆比泰的喉间迸出，其余豺狼人也随之应和。嚎叫声持续了片刻，回荡在整片湿地上空。>$B$B孤峰死了！藓皮真正自由了！你，藓皮的成员，永远！拿着这个，为了杀死叛徒。	repo	Mosshide 按官方 gnoll 译名「藓皮」
41751	locales_quest	OfferRewardText_loc4	龙喉的幼崽	It is done. Life and death is a cycle that has to be maintained, and tainted life must be given the chance to bloom once more. The pain in my heart will continue to ache, yet I can be assured that Searistrasz is no longer in torment. Go in peace, mortal, and may your travels be without tragedy.	你可以从这些奖励中选择其一：符文束缚的匕首、焰织腰带、燃烧怒气护腕	成了。生死是需要维系的循环，被污染的生命也该有重新绽放的机会。我心中的痛楚仍会持续，但至少我可以确信，斯伊瑞斯特尔阿斯兹不再受苦了。平安地去吧，凡人，愿你的旅途不再有悲剧。	repo	
41753	locales_quest	OfferRewardText_loc4	不灭之焰	You are a faithful and obedient servant, $C. For your subservience, a reward awaits. Have this and be on your way, the Dark Lady does not appreciate needless loitering.	你将获得：古老烈焰坠饰	你是个忠诚听话的仆从，$C。为你的效命，我备了一份奖赏。拿着它上路吧——黑暗女王不喜欢有人在她的地盘上无故逗留。	repo	
41755	locales_quest	OfferRewardText_loc4	红印的谎言	A tablet about the Redbrand's past?! Incredible; quickly, let me inspect it!$B$B<Torwyn adjusts his lens and begins perusing his gaze across the tablet's stony surface. With each line he's deciphering and reading, he's becoming increasingly more red and sweaty, up until his hand is visibly shaking.>$B$BY-You…! WHERE DID YOU FIND THIS?! You will NEVER speak of this; never! No one is to know about this accursed tablet! Absolutely no one! Here, take this and your lips will remain sealed, am I clear?! Now begone!	你可以从这些奖励中选择其一：砾织者马裤、多加尔之防御者、镶宝石的腰带	一块记载红印家族过往的石碑？！难以置信；快，让我看看！$B$B<托温调好镜片，目光扫过石碑的石面。随着他一行行辨认、读下去，他的脸越来越红、汗也越来越多，到最后手都明显抖了起来。>$B$B你——你……！这东西你从哪儿找来的？！你绝不许提，绝不许！这块该诅咒的石碑，谁都不能知道！绝对不行！来，拿着这个，你的嘴就给我闭紧，听明白了吗？！滚吧！	repo	
41757	locales_quest	OfferRewardText_loc4	黑心的陨落	Good riddance. We've dealt a serious blow to whatever Dragonmaw remained in Khaz Modan. Now it is up to us to clear up the mess and dispose of any remaining vermin skulking around in our lands. I salute to you, $N. You're a true hero in my eyes.	你可以从这些奖励中选择其一：米奈希尔甲护胫、坚心披肩、托尔威尔的护腕	死得好。卡兹莫丹残存的龙喉势力被我们狠狠打了一记。接下来就剩收拾残局，把还在我们地盘上乱窜的害虫清除干净。我向你致敬，$N。在我眼里，你就是真正的英雄。	repo	
41758	locales_quest	OfferRewardText_loc4	污染的荆棘之心	I sense something deep within the heart of this creature... It yearned for release, to combat a darkness that lurked.$B$B<Kym Wildmane looks confused, and lets out a slight sigh.>$B$BPerhaps my original assessment was incorrect. It was not the primitive dark magic of the quilboar that awakened this natural being and sent it into madness. No, it was something much darker, and sinister... I have more questions that I must research further. You have done well, regardless of my pondering. Please, take this, as a thanks from myself.	你可以从这些奖励中选择其一：野枝护腿、沼泽织物手套	我在这生物的心脏深处感觉到了什么……它在渴望解脱，去对抗潜伏的黑暗。$B$B<凯姆·蛮鬃一脸困惑，轻轻叹了口气。>$B$B也许我最初的判断错了。唤醒这自然之物、令它陷入疯狂的，并非野猪人那种原始的黑暗魔法。不，是更黑暗、更阴邪的东西……我还有太多疑问需要进一步研究。无论我如何思量，你做得都很好。请收下这个，作为我的一点谢意。	repo	
41759	locales_quest	OfferRewardText_loc4	多节的荆棘皮	Such strange magic, I am unfamiliar with the lingering presence that drove these creatures.$B$BSuch energy is not of a natural origin. I must conduct further studies to find the truth. You have done well $N. Please, take these coins, may they serve you well.	你可以从这些奖励中选择其一：野枝护腿、沼泽织物手套	如此诡异的魔法，那股盘踞在这些生物身上的气息我从未见过。$B$B这等能量绝非自然之物。我必须进一步研究才能查明真相。你干得好，$N。请收下这些金币，愿它们对你有用。	repo	
41760	locales_quest	OfferRewardText_loc4	颅骨与骸骨	Frederik, old friend. Figments of your essence linger in this dull trinket, bare of any grandeur it once held. One day, when I may finally pass on and leave this realm, I will see you once more...$B$B$N, blessings upon you. This ring will find its way into oblivion, far away from the clutches of darkness, I will make sure of that. For your courageous act, take this from my remaining corporeal belongings. You deserve it well.	你将获得：格拉汉家族圣印	弗雷德里克，老朋友。你的魂魄残影还留在这件暗淡的小玩意里，早已不复昔日的荣光。总有一天，当我终于离世、离开这方天地时，我会再见到你……$B$B$N，愿祝福与你同在。这枚戒指会被我送去远离黑暗魔掌的湮灭之地，我保证。为你的英勇之举，请收下这件我仅存的贴身之物。你当之无愧。	repo	Frederik → 62042 弗雷德里克
41761	locales_quest	OfferRewardText_loc4	直捣蜂巢	I expected nothing less. For an external aid, you've proven yourself to be a valuable asset to our team. If the thrill of adventure ever subsides within you, the SI:7 has room for individuals like you.$B$BPlease, report your findings. Time is running out.	你可以从这些奖励中选择其一：狡诈之扣环、海风披风	我没看错人。作为外来的助力，你已证明自己是队里不可多得的人才。若哪天冒险的刺激在你心里淡了，军情七处永远欢迎你这样的人。$B$B请把调查结果报上来。时间不多了。	repo	
41764	locales_quest	OfferRewardText_loc4	石油味的牢骚	So the control panels were tampered with, hm? Not really a surprise, but a nuisance nonetheless. As much as I hate to admit it, our technicians will have to double proof them to ensure their original functionality is being restored. We wouldn't want all this liquid gold just to blow up, alongside us!$B$BEither way, good work out there. Here, take these as compensation for the hassle; the Durotar Labor Union is in your favour!	你将获得：卡克的油光手套	这么说，控制台被人动过手脚了？算不上意外，但终究是麻烦。虽然我不愿承认，可我们的技师得给它加双重保险，才能确保原本的功能恢复如初。总不能让这满满一池液体黄金连同我们一起炸上天吧！$B$B不管怎样，干得好。喏，收下这些，算是补偿你这番折腾——杜隆塔尔劳工联盟记你一份人情！	repo	
41767	locales_quest	OfferRewardText_loc4	风险投资公司崛起	You were in Tanaris and helped out Celdi? How wonderful, that woman is a true blessing! When she first flounced around Sparkwater Port my eyes almost flew out of my skull. A high administrator of the Bilgewater Cartel here, in our small town?! And she wants to join us?! It felt like I had just doubled all my lifesavings in a last effort try at the casino. After the disaster that was Blackstone Island, the Durotar Labor Union desperately needed an uplift in profit AND morale. The oil rig in Tanaris was an excellent idea, if I were to be so humble. With Slickwick at the helm, I just knew it'd be a success.$B$BDespite that, the Venture Co.'s continued sabotage and intrusion worry me. I fear their patience runs dry, Razdunk never was one to remain calm when he doesn't get his way. Keep your ears and eyes sharp, $N. The future won't be easy for us.	你可以从这些奖励中选择其一：滑芯柳条宝盒、重制的风险投资公司毒刃、碎片金属肩铠、首领斗殴者项圈	你去过塔纳利斯，还帮了塞尔迪？太好了，那女人真是上天的恩赐！她头一次在耀水港趾高气扬地晃悠时，我的眼珠子差点掉出来。锈水财阀的高层官员，跑到我们这小地方来？！还要加入我们？！那感觉就像我在赌场最后一搏，把一辈子的积蓄翻了一倍。黑石岛的惨败之后，杜隆塔尔劳工联盟急需利润与士气的双重提振。要我说句不自夸的话，塔纳利斯那座钻井平台的主意太妙了。有滑芯管事，我就知道一定能成。$B$B尽管如此，风险投资公司不断的破坏与侵入仍让我不安。我怕他们的耐心快耗尽了——拉兹敦从来不是个顺不了心还能平静的人。$N，把耳朵眼睛都放尖一点。我们的未来不会轻松。	repo	Bilgewater Cartel 官方译「锈水财阀」（原句译为「污水港」不妥）
41768	locales_quest	OfferRewardText_loc4	北风的信使	Does Lord Amberwood employ lowly peasants now to deliver royal documents? To be expected, but that matters little now.$B$BBe that as it may, you've done your assignment amicably. Still, my gratitude has limits. I have crucial information to analyze, so I would appreciate it if you would leave me to deal with the ailments of the kingdom in peace.	你可以从这些奖励中选择其一：传承剑刃、虔诚光环之锤	琥珀木领主如今连送王室文书都雇起低贱的农夫了？倒也不出所料，不过现在这些都无关紧要了。$B$B无论如何，你的差事办得还算妥当。不过我的谢意也是有限度的——我还有关键的情报要分析，所以请你行个方便，让我安安静静处理王国的疾患。	repo	
41774	locales_quest	OfferRewardText_loc4	团结之基	<The Pedestal of Unity begins to click, and whirr into motion. A humming of foreign magic begins emanate, and the surface of the stone begins to glow blue. From the base of the stone pedestal emerges a tray which contains a singular key.>	你将获得：下储备钥匙	<团结之基开始咔哒作响，齿轮转动起来。一阵异样的魔力嗡鸣传来，石面泛起蓝光。基座下方缓缓伸出一个托盘，上面放着一枚孤零零的钥匙。>	repo	
41776	locales_quest	OfferRewardText_loc4	枢纽碎裂	<Lorekeeper Javon holds the crystal in one hand, the grimoire in the other. Reciting the incantations written on the pages, the nexus crystal begins to move, agitated by the swell of arcane power. Increasing in intensity, the rapid movements peak before breaking under vibrant purple sparks, leaving two golden shards in Javon's hand.>$B$BSuccess! That was marvelous, truly! I am amazed how close to perfect Aszune's spells are. With a bit of practice and refinement, we will be able to quickly and more safely break apart nexus crystals with ease.$B$B$N, thank you for your cooperation. You can keep these shards as a reward for your assistance. Please, bring me any nexus crystal you can find, so that I may continue my experimentations.	你将获得：大块魔光碎片	<博学者亚沃一手握水晶，一手捧魔典。他念出书页上的咒语，枢纽水晶开始动起来，被涌起的奥术能量激得震颤。震动越来越剧烈，在炫目的紫色火花中骤然破碎，留下两枚金色碎片在他手中。>$B$B成功了！太精彩了，真的！我很惊讶阿苏恩的法术竟近乎完美。稍加练习与改良，我们就能轻松、更安全地快速分解枢纽水晶了。$B$B$N，谢谢你的配合。这些碎片你留着，算作你协助的奖赏。请继续把你能找到的枢纽水晶带给我，好让我接着做实验。	repo	Aszune 库内无词条，试译「阿苏恩」
41777	locales_quest	OfferRewardText_loc4	枢纽汇聚	<Crackling energy shoots out from the magical shards, while Javon recites the spell. Heat begins to emanate from his hand and the pieces begin to form a liquid union, hovering slightly in the air. Shortly after, a burst of mana erupts - and in Javon's hand lies a nexus crystal.>$B$BSplendid, seeing it unfold right before my eyes is something I will remember forever. To think what we've achieved today was only possible because of ten-thousand year old knowledge, wisdom my people treasured for millennia is a testament to our resilience. Don't fret, young $C, without your aid, all of this would not have been possible. Please keep the crystal as your reward. I am adamant that we can refine the process even further, so I would be pleased if you'd gather the needed components once again.	你将获得：连结水晶	<亚沃念咒之时，魔法碎片迸出噼啪作响的能量。热量自他掌中升腾，碎片化作液态彼此融合，微微悬在空中。片刻之后，一阵法力迸发——亚沃手中多了一枚枢纽水晶。>$B$B太棒了。亲眼看着它在我面前成形，这一幕我会永远记得。想想看，我们今日的成果竟有赖于一万年前的知识——我族珍视千年的智慧，正是我们韧性的明证。别发愁，年轻的$C，没有你的帮助，这一切都不可能。请留下这枚水晶作为奖赏。我坚信这工艺还能进一步改良，所以若你愿意再采集一次所需材料，我会很高兴。	repo	
41783	locales_quest	OfferRewardText_loc4	被遗忘的故事	<Placing the books on Noppsy's table, the gnome marvels at the proportionally gigantic tomes.>$B$BSo beautiful and ancient! It will take some time to study these documents thoroughly. Thank you, $N. You've done a great service to the kingdom today, preserving part of their history, as ugly and depressing as it may be. These stories tell us valuable lessons, so barring your eyes from them will only hurt you in the long run. Remember, knowledge is key to your survival.	你将获得：档案员的腰带	<把书搁到诺普西的桌上，这个侏儒惊叹于这些比例夸张的巨册。>$B$B如此精美，如此古老！要通读这些文献得花些时间。谢谢你，$N。你今天为王国做了一件大好事——保全了他们历史的一部分，哪怕它丑陋又令人沮丧。这些故事能教给我们宝贵的教训，所以对它们视而不见，长远来看只会害了你。记住，知识是你活下去的关键。	repo	
41787	locales_quest	OfferRewardText_loc4	黑暗之心	What travesties have transpired at this place...? Never have I witnessed such horrors in my life, the thought of such profanities even existing send shivers down my spine.$B$B$N, your bravery in descending this spiral of madness is a heroic feat rarely seen nowadays. Your service to the kingdom and all of the Alliance this day will be remembered by those present and cherished by those affected. These rewards do not match the magnitude of your deeds, but take them nevertheless.$B$BYou are dismissed.	你可以从这些奖励中选择其一：鲁弗斯的可靠酒杯、金里尔的刀、诺普西的汇编、尼普西的精准步枪	这地方究竟发生了怎样的惨剧……？我一生从未见过如此恐怖之事，光是想到这等亵渎之物存在，就让我脊背发凉。$B$B$N，你敢深入这疯狂漩涡，是如今难得一见的英雄之举。你今日为王国、为整个联盟所做的贡献，在场者会铭记，受惠者会珍视。这些奖励配不上你功绩的分量，但还请你收下。$B$B你可以退下了。	repo	
41790	locales_quest	OfferRewardText_loc4	夺回月亮井	So... it is done. A necessary task, and performed adequately.$B$B<He pauses, gaze drifting toward the tainted moonwell, voice lowering with unease.>$B$BAnd yet... a shadow lingers in my thoughts.$B$BWhat if Ursol himself has fallen? What if the silence is not from disdain, but from madness... corruption?$B$B<His tone grows cold, edged with quiet alarm.>$B$BA dangerous thought. One I dare not entertain lightly. The Archdruid must hear of this.$B$BYou have my thanks for your... assistance. May the winds carry you far from this cursed place.	你可以从这些奖励中选择其一：熊怪长裤、悼影便鞋	那么……办完了。必要的差事，完成得也算妥当。$B$B<他顿了顿，目光飘向被污染的月亮井，声音因不安而低沉。>$B$B然而……一道阴影仍盘踞在我心头。$B$B倘若乌索尔本人也堕落了呢？倘若这沉默并非出于轻蔑，而是疯狂……腐化？$B$B<他的语气转冷，透出一丝低抑的惊惶。>$B$B这是个危险的念头，我不敢轻率地放在心上。大德鲁伊必须知道此事。$B$B多谢你的……协助。愿风把你带离这被诅咒的地方。	repo	Ursol → 库内「乌索尔」
41805	locales_quest	OfferRewardText_loc4	沐浴龙火	Mmh... You have done what was necessary, mortal.$B$BTheir minds are finally still. No more Skardyn whispers. No more chains of twisted magic. Only silence... and the long sleep they were denied.$B$BDo not mourn them. Their fire now fuels our purpose—their last act will burn brighter than their madness ever did.	你将获得：优质治疗药水	嗯……凡人，你做了必须做的事。$B$B他们的心智终于静下来。再没有斯卡丁的低语，再没有扭曲魔法的锁链。只剩下寂静……和被剥夺已久的沉眠。$B$B不必为他们哀悼。他们的火焰如今点燃了我们的意志——他们最后的行为，会比他们曾有的疯狂燃烧得更亮。	repo	
41809	locales_quest	OfferRewardText_loc4	龙火的气味	At last... the taint lifts.$B$B<His wings flex slightly as the oppressive weight of dark magic dissipates, the air itself seeming to sigh in relief. The swamp's murky waters ripple as if awakening from a long nightmare.>$B$BGrim Hollow will mend. The earth remembers how to heal... given time.$B$BYet this victory is but one ember plucked from a wildfire. The Skardyn do not act alone—they are rats fleeing a sinking nest. Grim Batol has spat out more of their kind, scattered like rot across Khaz Modan.$B$BAnd worst of all... they scurry with purpose. This was no mere exile. They serve something. Something old. Something hungry.$B$BMark my words, mortal—this is not over. Whatever they plan... we must find it before it finds us.$B$BAnd next time... the fire we bring may not be enough.	你可以从这些奖励中选择其一：中空的者护手、斯卡丁暗法师长袍、无情角斗士的统御裹腕	终于……那股污秽散去了。$B$B<随着黑暗魔法沉重的压迫消退，他的双翼微微舒展，空气本身仿佛都松了一口气。沼泽浑浊的水面泛起涟漪，像是从漫长的噩梦中醒来。>$B$B格里姆谷会痊愈的。大地记得如何愈合……只要给它时间。$B$B可这场胜利只是从野火上摘下一粒火星。斯卡丁并非独自行动——他们是逃离沉船的鼠辈。格瑞姆巴托吐出了更多同类，像腐斑一样散布在卡兹莫丹。$B$B而最糟的是……他们逃窜得井然有序。这不只是一次流放。他们在侍奉什么。某种古老的东西。某种饥渴的东西。$B$B记住我的话，凡人——这事没有结束。无论他们谋划什么……我们都必须在它找到我们之前先找到它。$B$B而下一次……我们带来的火，恐怕不够。	repo	Grim Hollow 试译「格里姆谷」
41810	locales_quest	OfferRewardText_loc4	翠绿符文	It is done. This Verdant Rune is tethered to the essence of the World Tree in conjunction with the Runestones. Focus your mind on its potent magic, and your spirit will find itself anew here, at the foot of Nordrassil.	你将获得：绿色符文	成了。这枚翠绿符文与符文石一同系于世界之树的精魂之上。凝神体会它的力量吧，你的灵魂将在此地——诺达希尔脚下——重获新生。	repo	
41812	locales_quest	OfferRewardText_loc4	月神殿废墟	Such beauty- such magnificence. I wish I could have personally laid eyes upon the ancient tree, though I thank you for the efforts you have taken to recover this. I am within your debt. Please, on behalf of us druids, take this as thanks.	你将获得：星花指环	如此美丽——如此宏伟。我多希望能亲眼见到那棵古树，不过还是谢谢你费心将它寻回。我欠你一份人情。请代表我们德鲁伊，收下这份谢礼。	repo	
41813	locales_quest	OfferRewardText_loc4	巴洛自酿月光酒	Magni's beard, an entire crate of it! So lucky this stuff doesn't go bad easily. Here you go, have some yourself.	你将获得：巴罗一月光酒	麦格尼的胡子啊，整整一箱！还好这玩意儿不容易变质。来，你也拿点尝尝。	repo	
41814	locales_quest	OfferRewardText_loc4	已故的巴洛公爵	While in poor condition, it is still the crown of a duke. This will prove those rascals in the Halls of Explorers wrong! Thank you, $R. Here is what I promised.	你可以从这些奖励中选择其一：喝水半角、附魔玻璃弯刀	虽然保存得不好，它终究还是公爵的冠冕。这下能让探险者大厅那帮无赖闭嘴了！谢谢你，$R。这是我答应你的东西。	repo	
41818	locales_quest	OfferRewardText_loc4	我们生而不平等	I am proud of the hunter you have become. Choose something of mine to carry as a memento of your success.	你可以从这些奖励中选择其一：狼兄弟、芬里斯之记忆、灰烬之肤	我为你成为一名猎人而骄傲。挑一件我的东西带走吧，就当是你成功的纪念。	repo	
41820	locales_quest	OfferRewardText_loc4	致我的父亲，沃金	O'jin is on the right path; he has done well to send you instead of coming himself. A chieftain must know how to make the proper choice. This is valuable information, and for your trouble, a reward is due. There may come a time when I will seek your aid in dealing with this issue. I will return to my duties and soon speak with the Warchief. Beware of the shadows, $N, especially where they dance freely.	你将获得：暗矛巫毒瓶	奥金走对了路——派你来而不是自己来，做得不错。一个酋长必须懂得做出恰当的选择。这是很有价值的情报，你辛苦了，该有奖励。也许有一天，我会请你协助处理这件事。我要回去履职，很快就会与大酋长商议。当心阴影，$N，尤其是它们肆意起舞的地方。	repo	
41822	locales_quest	OfferRewardText_loc4	惨淡的阳光	A mercy far too great for scum like them. Take these; they will carry the light of An'she with you through grim lands.	你将获得：吻阳护肩	对他们这种渣滓来说，这已是天大的仁慈。拿着吧，它们会带着安舍的光辉，陪你走过阴沉的荒野。	repo	
41825	locales_quest	OfferRewardText_loc4	主母会知道的	Uda'pe was right to send you to me. Though we are not very fond of working with the Horde, you have my thanks and will be paid accordingly.$B$BI will even add a bonus for being so silent and respectful—Uda'pe taught you well.	你可以从这些奖励中选择其一：左、右、安舍之图腾	乌达佩把你派到我这儿来是对的。虽说我们不太愿意与部落打交道，但你的辛劳我记下了，报酬会照付。$B$B看在你话少又懂分寸的份上，我再加一份红包——乌达佩把你教得很好。	repo	
41828	locales_quest	OfferRewardText_loc4	我岛上的虫子	Stand proud child of the Horde. Victory is honorably achieved by those with strength and thunder in their blood.	你将获得：改装的军情七处匕首	骄傲地站直了，部落的子民。唯有血中奔涌着力量与雷霆之人，才能赢得光荣的胜利。	repo	
41834	locales_quest	OfferRewardText_loc4	风暴之终	Though it is not bound to be the last time we see the embers of the Shadow Council, a great victory was won. While we wish nothing from the land of Balor, it has given me the greatest gift.$B$BKilrogg was spiteful in the beginning, jealous of Grommash's celebration as a hero—while he himself seemed forgotten. But he was wrong to envy Grommash. My older brother merely set the foundation. It is you, and I, and Kilrogg who will build our future. I am glad he sees it that way now.	你可以从这些奖励中选择其一：库卡隆头冠、巫毒皮甲、图腾师头饰	尽管我们未必是最后一次见到暗影议会的余烬，但这一场胜利意义非凡。我们对巴罗那片土地并无所求，它却给了我最好的礼物。$B$B基尔罗格起初满怀怨怼，嫉妒格罗玛什被当作英雄庆贺——而他自己却似被遗忘。可他嫉妒错了。我的兄长只是打下了地基。真正将建立未来的，是你、是我，也是基尔罗格。我很高兴他如今也这样看了。	repo	
41837	locales_quest	OfferRewardText_loc4	风暴、暮光与战锤	Both fragments together will now serve as the key to enter the ruins of the castle. Beware, for you will face both servants of the Legion and cultists of those long forgotten.	你将获得：风暴城堡钥匙	两块碎片合在一起，就能当作进入城堡废墟的钥匙。当心，你要面对的是燃烧军团的爪牙，还有那些早已被遗忘的邪教信徒。	repo	
41842	locales_quest	OfferRewardText_loc4	古物	Oh, more dusty than my grandmother back in Ironforge. Time has not been kind to this old tome, and the humid air is not exactly helping either. I will seal it properly in my chest and begin analysis back in the SI:7 headquarters. For you, $N, my heartfelt gratitude. Please choose a reward fitting for your service.	你可以从这些奖励中选择其一：上古斩击者、多袋锁甲	哦，比我铁炉堡的奶奶还灰头土脸。时间没善待这本古籍，潮湿的空气更是雪上加霜。我会把它妥善封进箱子，然后带回军情七处总部做分析。$N，我由衷感谢你。请挑一件与你的付出相称的奖赏。	repo	
41844	locales_quest	OfferRewardText_loc4	死人不会抱怨	Wow, what a haul. Might not be exactly what we were supposed to be delivering, but I doubt those greedy bastards in their pirate cove will complain that much. Thank you so much, $N. We owe you big time. You can have this for your troubles, it always gave me the best of luck - the fact I’m still here is proof of that.	你将获得：可靠的哥布林短刀	哇，收获不小。也许不是我们该送的那批货，但我想海盗湾里那帮贪心的家伙不会太计较。太感谢你了，$N。我们欠你一个大人情。这件东西你拿去，它一直给我带来好运——我还能站在这儿就是证明。	repo	
41849	locales_quest	OfferRewardText_loc4	治愈枯萎者	You've found it... By the Sunwell, I can scarcely believe it.$B$B<Ranger Feallina lifts the crystal, tilting it toward the light. The sun dances across its flawless facets, refracting a cascade of colors.>$B$BThis... this is no mere gem. It is a masterpiece — a testament to craftsmanship long thought lost.$B$BYou have our deepest thanks, $C. We will move swiftly now — the rangers and I shall descend upon the site and recover as many of these crystals as we can... before reporting back to Lord Theron.$B$BYou have rendered a great service to the Quel'dorei this day, my friend. May the light of the stars guide your path always.	你可以从这些奖励中选择其一：远行者小屋守卫胸甲、远行者小屋守卫护腿	你找到了……以太阳之井起誓，我几乎不敢相信。$B$B<游侠菲亚琳娜举起水晶，斜对着光。阳光在它无瑕的切面上跳跃，折射出层层虹彩。>$B$B这……这绝不是普通宝石。这是一件杰作——是久已失传的手艺的明证。$B$B$C，我们由衷感谢你。我们这就行动——我和游侠们会赶赴现场，尽可能多地回收这种水晶……然后再向瑟伦领主复命。$B$B朋友，你今日为奎尔多雷立下了大功。愿星光永远指引你的道路。	repo	Ranger Feallina 库内无词条，试译「菲亚琳娜」
41853	locales_quest	OfferRewardText_loc4	格罗尔丹的怨念	<Groldan glares at the heads you've brought him and spits on the ground.>$B$BHa! That'll send a clear message to those Shadowforge rats! It's only a matter of time before word of this reaches their so-called leadership. Let this be a lesson to them—think twice before crossing the dwarves of Ironforge, or pay the bloody price!	你可以从这些奖励中选择其一：丹基塔斯护肩、冷酷披风	<格罗尔丹盯着你带来的人头，朝地上啐了一口。>$B$B哈！这会给暗炉那些鼠辈一个再清楚不过的信号！消息传到他们那位所谓的领袖耳朵里只是时间问题。就当是个教训——惹铁炉堡的矮人之前，最好先掂量掂量，否则就得付出血的代价！	repo	
41856	locales_quest	OfferRewardText_loc4	夺回萨尔加拉兹	Amazing work, $R! I'll send the miners in at once. In just a few days, we'll be back to mining, and with it, Dun Kithas will see its glory restored once more.$B$BPlease, take this. It's been in my family for generations, but now... now it's time for it to taste blood again. You've earned it.	你可以从这些奖励中选择其一：丹基塔斯头盔、冷酷束带	干得漂亮，$R！我这就让矿工们进场。用不了几天，我们就能重新开采，丹基塔斯也能再度恢复往日的荣光。$B$B请收下这个。它在我家传了好几代，但现在……是时候让它再次尝尝血的味道了。这是你应得的。	repo	
41858	locales_quest	OfferRewardText_loc4	屠夫加吉尔	The news of the Butcher's demise brings a certain satisfaction, I'll admit. Hopefully, that'll be the last we see of those murlocs. Now, I can finally focus on what truly matters—the war with the Dragonmaw. We've got bigger fish to fry.	你可以从这些奖励中选择其一：空握手套、丹基塔斯护腿	屠夫的死讯传来，老实说，我很痛快。希望这是最后一次见到那些鱼人。现在我总算能专心于真正要紧的事——与龙喉的战争。我们还有更大的鱼要收拾。	repo	
41864	locales_quest	OfferRewardText_loc4	龙喉战争	You've done us proud, lad.$B$BTo see this banner again… aye, it stirs the heart. The orcs defiled our walls, but they couldn't claim our spirit.$B$BWith this flying once more above Dun Kithas, our people will remember who we are — and what we're fighting for.$B$BWell done.	你将获得：巴戈斯之盾牌	你让我们感到骄傲，小子。$B$B再次看到这面战旗……是啊，让人热血沸腾。兽人践踏了我们的城墙，却夺不走我们的精神。$B$B它重新飘扬在丹基塔斯上空，我们的人民就会记起自己是谁——以及我们为何而战。$B$B干得好。	repo	
41868	locales_quest	OfferRewardText_loc4	暗影诅咒	<Dorthas squints at the samples, turning them over in his hands. His expression darkens.>$B$BJust as I feared… this isn't some random corruption. This is the Shadow Curse—the same blight Modgud unleashed on Grim Batol during the war.$B$BAnd it's still active. Even after all these years, the curse is seeping out, spreading past the ruins. Stone can't hold it back. Time hasn't weakened it. If no one acts… this whole region could fall. This is beyond anything we can handle alone. I'll send word to the mages in Dalaran. They need to know what's happening. As for us… all we can do now is keep watch—and pray.	你将获得：强效治疗药水	<多尔萨斯眯眼看着样本，在手中来回翻动。他的表情阴沉下来。>$B$B正如我所担心的……这不是什么随机产生的腐化。这是暗影诅咒——正是当年莫德古德在格瑞姆巴托释放的那种灾厄。$B$B而且它至今仍在活动。这么多年过去，诅咒依然在渗出、蔓延，越过废墟。石头挡不住它，时间也没能削弱它。若无人出手……整片区域都会沦陷。这已远超我们独自应付的范畴。我会传信给达拉然的法师们，他们必须知道发生了什么。至于我们……眼下只能守望，并祈祷。	repo	
41870	locales_quest	OfferRewardText_loc4	格里姆斯凯尔的复仇	<Harfig listens closely as you recount the battle. His weathered face softens for the first time. A faint, tired smile creases the edges of his mouth.>$B$BAye… that's the news I've been needing to hear. You gave 'em hell, didn't you? I can feel it in my chest—like a weight's been lifted, if only a little.$B$BI'll never hold my son again… never hear his laugh echo through the halls…$B$BBut thanks to you, some other parent might.	你将获得：废爪	<哈尔菲格仔细听你讲述战斗经过。他饱经风霜的脸第一次松缓下来，嘴角浮起一丝疲惫的笑。>$B$B是啊……这正是我一直想听到的消息。你把他们打得够狠，是吧？我胸口都感觉到了——像是有副重担挪开了，哪怕只挪开一点。$B$B我再也没法抱住我的儿子……再也听不到他的笑声在厅堂里回荡……$B$B但多亏了你，别的父母也许还能。	repo	
41879	locales_quest	OfferRewardText_loc4	一目了然	The crystal!$B$B<Grukson turns it over in his hands, clearly impressed.>$B$BIt's just how I imagined it—absolutely perfect. This will make the mace something truly special.$B$BI'd better get to work, then. Maybe this time… my father will finally see what I'm capable of.	你将获得：岩须护符	水晶！$B$B<格鲁克森在手中翻看着它，显然十分满意。>$B$B和我设想的一模一样——完美无缺。这把锤子会因此变得非同凡响。$B$B那我得赶紧动手了。也许这一次……父亲终于会看到我的本事。	repo	
41882	locales_quest	OfferRewardText_loc4	龙喉战争	<Magistrate Hurdam Toughhand listens intently, clearly impressed>$B$BBy the forge and stone, you've done more than I dared hope for! The folk of Dun Kithas and the Grim Reaches owe you a great debt. Take this reward as a token of our thanks.$B$BBut don't let your guard down yet—there's still Dragonmaw scum skulking in the hills, and we dwarves know better than to trust the peace of a mountain too soon. Stay sharp, and keep your axe ready.	你可以从这些奖励中选择其一：丹基塔斯胸甲、治安官的宽檐帽、斯托尔加兹护肩	<地方法官胡尔达姆仔细听着，显然大为赞叹。>$B$B以熔炉与磐石起誓，你做到的远比我敢期望的更多！丹基塔斯与格里姆高地的居民欠你一份大人情。请收下这份奖励，作为我们的谢意。$B$B但也别就此松懈——山里还有龙喉的渣滓在游荡。我们矮人最清楚，山中的太平是万万轻信不得的。保持警觉，斧头别离手。	repo	
41884	locales_quest	OfferRewardText_loc4	消灭龙喉	<Magistrate Hurdam Toughhand looks on with a slight gaze of disbelief>$B$BYou were successful? By my beard, I cannot believe it!$B$BMany long and hard fought battles will have been avoided thanks to your hard work. The dwarves of Dun Kithas are forever in your favor! Please, take one of these items, as a reward from all of us here.	你可以从这些奖励中选择其一：厄运之歌护腕、扎姆格斯之腰带、格斯卡尔的护腿	<地方法官胡尔达姆带着几分难以置信看着你。>$B$B你成功了？以我的胡子起誓，我简直不敢相信！$B$B多亏你的辛劳，许多漫长而艰苦的战斗得以避免。丹基塔斯的矮人会永远记着你的恩情！请从这些东西里挑一件，就当是我们所有人的谢礼。	repo	NPC 全名「地方法官胡尔达姆特奥哈恩德」，对话里用「胡尔达姆」
41887	locales_quest	OfferRewardText_loc4	翡翠猫鼬药剂配方	I must warn you, use this recipe wisely. A misuse of the materials can create the exact opposite of the Concoction of the Emerald Mongoose.$B$BI suggest you follow this recipe closely.	你将获得：配方：翡翠猫鼬药剂	我必须提醒你，这配方要用得谨慎。材料一旦用错，做出来的东西会与翡翠猫鼬药剂截然相反。$B$B建议你严格照着配方来。	repo	
41888	locales_quest	OfferRewardText_loc4	应召而战：净化腐蚀	You've returned — and with the Crests of Heroism no less. Your efforts in these treacherous places haven't gone unnoticed. With each victory, our foothold grows stronger.$B$BThe Alliance thanks you for your bravery.	你将获得：战争补给品宝箱	你回来了——还带回了英雄勋章。你在那些险恶之地所做的努力并非无人知晓。每一场胜利，都让我们的立足之地更加稳固。$B$B联盟为你的英勇致谢。	repo	
41889	locales_quest	OfferRewardText_loc4	应召而战：熔岩突袭	These relics speak for themselves. Incindis is no more, and the Sorcerer-Thane's hand lies still.$B$BThe Firelord will feel this blow and know the Alliance stands ready to snuff out his flames again, if need be. Take this cache, and remain prepared. There may be more lurking in the depths.	你将获得：熔岩补给品宝箱	这些圣物已说明一切。伊恩辛迪斯不复存在，巫师领主的手也再难抬起。$B$B火焰之王会感受到这一击，并明白联盟随时准备再次熄灭他的烈焰——只要需要。收下这批补给，保持戒备。深处也许还潜伏着更多。	repo	
41890	locales_quest	OfferRewardText_loc4	应召而战：深入地下城	These crests will send a message, loud and clear. You've proven your strength once again. We'll push further with this momentum.$B$BTake your reward, champion. Stay sharp. The war does not rest - and neither do we.	你将获得：战争补给品宝箱	这些徽章会传出清晰响亮的讯息：你再次证明了自己的力量。我们要借着这股势头继续推进。$B$B收下你的奖励，勇士。保持警觉，战争不会停歇——我们也不会。	repo	
41891	locales_quest	OfferRewardText_loc4	应召而战：净化腐蚀	You return bearing the crests of victory. Good. These show the enemy that their darkness cannot withstand our strength. With each blow you strike, you carve the path forward for the Horde.$B$BYour loyalty will not be forgotten.	你将获得：战争补给品宝箱	你带着胜利的徽章回来了。很好。这些足以让敌人明白：他们的黑暗挡不住我们的力量。你每挥出一击，都为部落开辟前路。$B$B你的忠诚不会被遗忘。	repo	
41892	locales_quest	OfferRewardText_loc4	应召而战：熔岩突袭	These relics speak for themselves. Incindis is no more, and the Sorcerer-Thane's hand lies still.$B$BThe Firelord will feel this blow and know the Horde stands ready to snuff out his flames again, if need be. Take this cache, and remain prepared. There may be more lurking in the depths.	你将获得：熔岩补给品宝箱	这些圣物已说明一切。伊恩辛迪斯不复存在，巫师领主的手也再难抬起。$B$B火焰之王会感受到这一击，并明白部落随时准备再次熄灭他的烈焰——只要需要。收下这批补给，保持戒备。深处也许还潜伏着更多。	repo	
41896	locales_quest	OfferRewardText_loc4	幽影谷	Such magic, foul and intense! This be right what I was lookin' for. You've done well and traveled far. I offer you protection from the shadow, use it wisely and wander safely.	你将获得：滋补药剂、保护卷轴 III	好浓烈的邪门法术！这正是我要找的东西。你干得好，也跑得够远。我送你一份阴影的庇护，善加使用，一路平安。	repo	
41897	locales_quest	OfferRewardText_loc4	应召而战：深入地下城	Excellent work. These crests are proof that you've broken their lines and shattered their resolve. We'll use this momentum to press further into their strongholds.$B$BTake this cache and be ready. We may need you again soon.	你将获得：战争补给品宝箱	干得漂亮。这些徽章证明你击穿了他们的防线，粉碎了他们的意志。我们要借这股势头深入他们的据点。$B$B收下这批补给，做好准备——也许很快又需要你。	repo	
41898	locales_quest	OfferRewardText_loc4	扭曲的关系	It pains me to ask of such things... The Blackroot were once our friends and dearest allies. As much as it hurts to look upon familiar faces and see friends, it is good to know they are now free from the evil that gripped their hearts. You have done the Timbermaw proud, and for that, you shall be rewarded friend.	你可以从这些奖励中选择其一：巢穴守护者马靴、苍皮斗篷、腐皮腰带	提出这样的请求让我难受……黑根部族曾是我们的朋友和最亲近的盟友。尽管看着熟悉的面孔、认出昔日的朋友令人心痛，但知道他们已从盘踞心中的邪恶中解脱，还是让我欣慰。你为木喉争了光，朋友，为此你应当得到奖赏。	repo	
41900	locales_quest	OfferRewardText_loc4	宁静灵契	Behold, the creation of my people, the great Sapta of Tranquility. Able to guide ones movements with speed and grace. The very essence of the Timbermaw Sap has been imbued with our strength and given us the boons we have in this world.$B$BYour efforts in helping our tribe have earned you the right to our most traditional Sapta.	你将获得：宁静灵药	看吧，这是我族人的造物——伟大的宁静灵契。它能以迅捷与优雅引导一个人的行动。木喉树液的精魂本身被注入了我们的力量，赋予了我们在这世上所拥有的恩赐。$B$B你为部族所做的努力，已为你赢得使用我们最传统灵契的权利。	repo	
41901	locales_quest	OfferRewardText_loc4	共心灵契	Behold, the creation of my people, the great Sapta of Communion. It can empower ones resistance to the natural world in order to seek guidance. The very essence of the Timbermaw Sap has been imbued with our strength and given us the boons we have in this world.$B$BYour efforts in helping our tribe have earned you the right to our most traditional Sapta.	你将获得：神性灵药	看吧，这是我族人的造物——伟大的共心灵契。它能增强人对自然世界的抵御，以便寻求指引。木喉树液的精魂本身被注入了我们的力量，赋予了我们在这世上所拥有的恩赐。$B$B你为部族所做的努力，已为你赢得使用我们最传统灵契的权利。	repo	
41902	locales_quest	OfferRewardText_loc4	和谐灵契	Behold, the creation of my people, the great Sapta of Harmony. It can empower and embolden the roots of nature itself. The very essence of the Timbermaw Sap has been imbued with our strength and given us the boons we have in this world.$B$BYour efforts in helping our tribe have earned you the right to our most traditional Sapta.	你将获得：和谐灵药	看吧，这是我族人的造物——伟大的和谐灵契。它能强化并鼓舞自然本身的根须。木喉树液的精魂本身被注入了我们的力量，赋予了我们在这世上所拥有的恩赐。$B$B你为部族所做的努力，已为你赢得使用我们最传统灵契的权利。	repo	
41903	locales_quest	OfferRewardText_loc4	亲缘灵契	Behold, the creation of my people, the great Sapta of Kinship. It can revitalize the most broken of spirits, and raise morale. The very essence of the Timbermaw Sap has been imbued with our strength and given us the boons we have in this world.$B$BYour efforts in helping our tribe have earned you the right to our most traditional Sapta.	你将获得：亲源灵药	看吧，这是我族人的造物——伟大的亲缘灵契。它能让最破碎的灵魂重获生机，并提振士气。木喉树液的精魂本身被注入了我们的力量，赋予了我们在这世上所拥有的恩赐。$B$B你为部族所做的努力，已为你赢得使用我们最传统灵契的权利。	repo	
41904	locales_quest	OfferRewardText_loc4	坚韧灵契	Behold, the creation of my people, the great Sapta of Resilience. It can offer protection against the corruption and poison that dwells deep in the forests. The very essence of the Timbermaw Sap has been imbued with our strength and given us the boons we have in this world.$B$BYour efforts in helping our tribe have earned you the right to our most traditional Sapta.	你将获得：韧性灵药	看吧，这是我族人的造物——伟大的坚韧灵契。它能抵御深藏林中的腐化与剧毒。木喉树液的精魂本身被注入了我们的力量，赋予了我们在这世上所拥有的恩赐。$B$B你为部族所做的努力，已为你赢得使用我们最传统灵契的权利。	repo	
41906	locales_quest	OfferRewardText_loc4	对恶徒绝不姑息	$N! You're here! As soon as I saw them return to the lodge, I knew you were successful, yet I still feared for your safety. You have my deepest gratitude. Not only did you risk your life for the innocent, but also braved dangers beyond what the usual adventurer faces.$B$BPlease, have one of these as a token of the good deeds you fulfilled this day.$N!	你可以从这些奖励中选择其一：治疗药水、次级法力药水	$N！你来了！一看到他们回到小屋，我就知道你成功了，可我还是为你的安危担心。我由衷感谢你。你不仅为无辜者冒了性命，还闯过了寻常冒险者根本不会遇上的凶险。$B$B请从这些东西里挑一件，作为你今日善举的见证。$N！	repo	
41907	locales_quest	OfferRewardText_loc4	河角村	Ah yes, these trinkets have faired well, spared from the flame. I must thank you for all that you have done outsider. Without your help, these surely would have been destroyed. I can only offer you a paltry reward, I just hope it is enough to convey my thanks.	你可以从这些奖励中选择其一：海岸行者长靴、河川流手套	啊，是的，这些小玩意完好地躲过了火焰。外来者，我得谢谢你做的一切。没有你，它们肯定已经被毁了。我只能奉上微薄的报酬，但愿这点心意足够表达我的谢意。	repo	
41916	locales_quest	OfferRewardText_loc4	长者的末路	I feel an aura of solemnity coming from you. Has it been done? Has this mistake of mine been corrected at last? $C, you have done a great deed for our people. Not only did you save us from damnation, but also showed us that the path we treaded for centuries is one the Moro'gai shouldn't follow any longer. In a way, Bhu'robi was right, the Draenei need to adapt, to ensure a new future for our people. One free of fear and instead filled with perseverance. If only he hadn't twisted the meaning of his own belief.	你可以从这些奖励中选择其一：清明指引腰带、粗野的披风、防御者轻锤、启发可汗顾问项圈	我感觉你周身带着一股肃穆之气。办妥了吗？我这桩过错终于被纠正了吗？$C，你为我族人立下了大功。你不仅把我们从不祥的结局中救了出来，还让我们看清：我们沿袭了数百年的路，莫罗盖人不应再走下去了。某种意义上，布乌罗比是对的——德莱尼人必须改变，才能为族人确保一个新的未来：一个不再充满恐惧、而是充满坚韧的未来。只可惜他曲解了自己信仰的本意。	repo	
41917	locales_quest	OfferRewardText_loc4	学生的决心	Bhu'robi might've been stopped, but this ordeal is far from over. Like Father said, there are still many of the Fallon Ones out there that are now lost and it is our duty to bring them back into our fold. It is a grueling task and I fear this will not be the last day we lose loved ones, but that is exactly why we have to do everything we can to prevent that from happening. While I am yet inexperienced and in training still, I will support my father and the elders as much as possible.$B$BI have thought long about it, and while I still have much to accomplish here, your actions have instilled a fire in me that I haven't felt before. For all this time we have secluded ourselves at this coast, we held ourselves back and remained hidden as best we could. But this is not how I wish my life to go. But until I have ensured the security of the village, I cannot leave. So please take this crystal. Should you be in peril, hold it to the sky and I will aid you in battle. You can count on me, $N.	你将获得：摩洛盖之祖维尔	布乌罗比也许被拦下了，但这场磨难远未结束。正如父亲所说，外面还有许多失落者已经迷失，而我们有责任把他们带回族群。这是件苦差事，我怕这不会是最后一个失去亲人的日子——但正因如此，我们必须竭尽所能阻止它发生。虽然我还经验不足、仍在受训，但我会尽可能支持父亲和长老们。$B$B我想了很久。虽然我在这里还有很多事要做，但你的作为在我心里点燃了一团前所未有过的火。这么多年来，我们把自己封闭在这片海岸，压抑自己，尽可能躲藏。可这并不是我想要的人生。但在确保村子安全之前，我不能离开。所以请收下这枚水晶。若你身陷险境，把它举向天空，我会在战斗中支援你。你可以信赖我，$N。	repo	
41933	locales_quest	OfferRewardText_loc4	无羁的黑暗	What a hideous creation. Further proof that the life inside our great sanctum is rotting by the minute. Yet still, it serves a purpose. It shall pave the way for the Timbermaw to reclaim what has been torn from us by cruel malefactors. Now I can concoct a salve powerful enough to cleanse our sacred totems.$B$B$N, this humble coven expresses its gratitude towards you. Through your courage, we have made the first step in purifying Timbermaw Hold. Take this essence and use it on your delves into this den of evil. With enough of it, you may break the barrier inside and finally come to the root of it all.	你将获得：净化精华	多可憎的造物。这进一步证明了我们这座圣殿中的生命正在一分一秒地腐烂。不过它仍有用途——它将为木喉铺平道路，去夺回被残暴恶徒撕走的一切。现在我能调配出足够强力的药膏，净化我们的神圣图腾了。$B$B$N，我们这小小集会向你致谢。凭你的勇气，我们朝净化木喉要塞迈出了第一步。收下这份精华，在你深入这魔物巢穴时使用。份量足够的话，你就能打破里面的结界，最终触及这一切的根源。	repo	
41934	locales_quest	OfferRewardText_loc4	残留之物	In our ancient teachings, there is a legend that connects all furbolg tribes. It speaks of our creation, as it is said the twin gods have brought us into the world as it was still young. As juvenile cubs they frolicked through the untouched wilds of Kalimdor, rolling around in the dewladen grass of the early mornings. Laughter filled the air and their unbound energy floated all around them. Bursting with their power, the droplets of the wet grass fell onto the roots of gigantic trees, seeping through the bark and becoming one with the land. Over time, these droplets grew and took the semblance of the young ursine gods.$B$BTo us furbolgs there is nothing more important than aiding our progenitors in protecting the wild. Seeing Ursol die for a second time fills my heart with anguish and pain, a being as noble as him did not deserve this fate. $N, the Timbermaw are forever in your debt. Please take this powerful salve and cleanse the remaining corruption in Timbermaw Hold.	你将获得：永恒净化精华	在我们古老的教义里，有一则传说将所有熊怪部族联系在一起。它讲述了我族的诞生——据说在世界尚且年轻之时，双子神将我们带到了这个世上。那时他们还是幼崽，在卡利姆多未经触碰的荒野中嬉戏，在清晨沾满露水的草地上打滚。笑声弥漫在空气中，他们无拘无束的活力在四周飘荡。随着他们的力量满溢而出，湿草上的露珠落向巨树的根须，渗过树皮，与大地融为一体。日积月累，这些露珠逐渐生长，化作了那两位年轻熊神的模样。$B$B对我们熊怪来说，没有什么比协助始祖守护荒野更为重要。看着乌索尔第二次死去，让我的心充满痛苦与悲恸；像他这般高贵的存在，不该落得这样的下场。$N，木喉部族将永远欠你一份恩情。请收下这剂强效药膏，净化木喉要塞中残存的腐化。	repo	
41939	locales_quest	OfferRewardText_loc4	沃塔卢斯的敕令	Vortalus, you say? Worrisome to see elementals making a pact in such large numbers with the mortal races. Especially after what had happened here, at the Earthen Ring. This begs another question, however. What do the elements expect of such a coalition? Were they servants of the Blackwind tribe or was it the other way around? If the wind lords are bringing other forces under their fold, then they must be preparing for something greater.$B$B$N, thank you for your courage. You’ve done something incredible today and shown your potential as an aspiring shaman of our order. The others are surely expecting more great things from you.	你可以从这些奖励中选择其一：大地之怒之锤、暴怒风斧类武器、淬火焰爪击	你说沃塔鲁斯？元素竟与凡人种族如此大规模地缔结盟约，令人担忧。尤其是在大地之环这里发生那些事之后。不过，这又引出了另一个问题：元素们究竟想从这样的联盟中得到什么？他们是黑风部族的仆从，还是反过来？若风之领主正把其他势力纳入麾下，那他们必定在为更大的图谋做准备。$B$B$N，谢谢你的勇气。你今日做到了了不起的事，也展现了作为我们教团萨满的潜力。其他人一定也期待你有更多出色表现。	repo	
41942	locales_quest	OfferRewardText_loc4	病木林	Although there is no life left within these bones, the spores keep trying to search for nutrients, like a writhing parasite searching for prey. This is not a natural occurrence, yet it is not purely magical either. At this point it is a wholly new amalgamation of forces, and it won’t be easy to eradicate it.$B$BThe plan we have come up with is simple in concept. We will plant this tree sapling in the enriched earth you have brought us. Afterwards, we will apply the spores to the tree and observe what will happen. In our previous observations with saplings planted in plagued earth, they withered away in minutes, leaving a mutated husk behind. We assume the elementally enriched earth will protect the tree against the aggressors and allow it to grow freely. It will take a while, so if you ever come by again, maybe you are lucky enough to witness it.$B$BEither way, I must give my thanks to you, and Bewali as well. Every step taken brings us closer to healing these lands for good.	你可以从这些奖励中选择其一：重生精力坠饰、根皮长靴、火山护心指环	这些骨头里已无生命，可孢子仍在不断寻找养分，像扭动的寄生虫搜寻猎物。这不是自然现象，却也不纯粹是魔法。到这一步，它已是一种全新的力量混合体，要根除它绝不容易。$B$B我们想出的办法，概念上很简单：把这株树苗种进你带来的富化土壤，然后给树施加孢子，观察会发生什么。此前我们用被瘟疫侵蚀的土壤种树苗时，它们几分钟内就枯萎，只留下一具变异的空壳。我们推测，元素富化的土壤能保护树免受侵扰，让它自由生长。这需要些时间，若你再来，说不定运气好能亲眼看到。$B$B无论如何，我得谢谢你，也谢谢贝瓦利。每一步都让我们更接近彻底治愈这片土地。	repo	Bewali 库内无词条，试译「贝瓦利」
41943	locales_quest	OfferRewardText_loc4	污浊之水	The elements have spoken of your return, $N. It will take time before the waters are pure again. But with no further corruption being funneled into Maraudon anymore, nature can do so in serenity and peace.$B$BTake this for your deeds in restoring balance to Azeroth.	你可以从这些奖励中选择其一：魂水宝珠、飘忽不定之披风、泰比斯蒂亚的寒冰头冠	元素已经告诉我你回来了，$N。水要重新变得清澈还需要时间。但既然再没有腐化被灌入玛拉顿，自然便能从容地自我修复。$B$B这是你为艾泽拉斯重归平衡所做的贡献，收下吧。	repo	
41944	locales_quest	OfferRewardText_loc4	漫长的狩猎	Meat! And heaps of it, too! Parash’ka, who set you up for this? Or did you do it on your own volition? Either way, it hardly matters to me. With a supply like this, our defenders will have the strength to repel those heretics for days to come! A reward is needed for your actions. Here, a traditional draeneic recipe, altered to fit the cuisine of this new world.	你将获得：食谱：浆果炸肉腿	肉！还这么多！帕拉什卡，是谁让你张罗这些的？还是你自己要做的？不管怎样，对我来说都一样。有了这些补给，我们的守卫就有力气再抵挡那些异端好些天！你的作为该有回报。喏，一份德莱尼传统食谱，按这新世界的口味改过。	repo	
41945	locales_quest	OfferRewardText_loc4	敬重长者	Hm, I am surprised. You listened well and brought exemplary brains. The way their juices are dripping on the floor…$B$B<Fena Ma’dar is salivating at the sight of the grey matter inside your hands. With a swift movement, she snatches them out of your hand and starts chomping on them. Liquid, blood and bits fall to the floor.>$B$BI can’t get enough of this savoury taste, the slick surface, the gooey texture! It is simply wonderful! You remedied your mistake, young one. Atleast you are responsible when it comes to consequences caused by your actions. Either way, don’t cause any more ruckus around here!	你可以从这些奖励中选择其一：长者魔杖、桀骜少年长裤、共鸣水晶头盔	嗯，我很意外。你听进去了，还带来了上等的脑子。看那脑浆滴在地上的样子……$B$B<费娜·玛达尔看着你手中的灰白之物，直咽口水。她动作飞快，一把从你手里夺过去，大嚼起来。汁液、血水和碎屑落在地上。>$B$B这种鲜美的滋味我怎么都吃不够——滑腻的表面，黏稠的质地！简直妙极了！你补上了你的过失，小家伙。至少对自己行为的后果，你还算负责。总之，别再在这儿惹乱子了！	repo	
41946	locales_quest	OfferRewardText_loc4	农场劫掠者	That was a close one. Let us hope this will teach them to not come here again. I thank you endlessly for saving my life and my dear farm. You see, the earth on this coast has unique properties that make it difficult to grow crops. On top of it, the flora of your world is still difficult for me to fully grasp, even after all the time we have been here. Still, I want to reward you for your good deed. Take it, they are homegrown!	你将获得：月语浆果、月语浆果灌木	好险。但愿这回能让他们长记性，不敢再来。你救了我的命和我这座宝贝农场，我感激不尽。你看，这片海岸的土壤性质特殊，作物很难生长；更何况即便待了这么久，你们世界的草木对我来说仍不易摸透。但我还是要为你的善举有所回报。拿去吧，都是自家种的！	repo	
41947	locales_quest	OfferRewardText_loc4	通缉：无情者塔玛安	So the wretch has met its end? Excellent. Twenty three of our people did this monster maul during his last rampage. With him gone, we can rest a bit more easily now.	你可以从这些奖励中选择其一：磨利水晶指环、复仇护手、传统之长靴	那么那个恶棍终于伏诛了？太好了。上一次它发狂时，足足有二十三名族人死在它爪下。少了它，我们总算能睡得安稳些了。	repo	
41953	locales_quest	OfferRewardText_loc4	夺回德莱尼水晶	The horned fiend; this satyr Selenaxx, you say? He absorbed the energy from the geode and infused his body with it, becoming one with the draenethyst?! To witness such blasphemy even in this new world. $C, the power of draenethyst is deeply alluring and requires immense willpower to not succumb to once tapped into its pulsing energy. There are… stories of Draenei falling victim to their draenethyst addiction and eventually crystalizing, ultimately becoming draenethyst themselves. Thus they return to Draenor and enter the cycle of its lifeblood.$B$BFor now, I will have to prepare the cleansing ritual for the geode shards you brought. It will take time and effort, but I and moreover the Moro’gai are deeply indebted to you. Your continued support to our tribe’s survival shall not go unrewarded. Please choose one of these bracelets, so that they may protect you against the evils yet to come.	你可以从这些奖励中选择其一：防御者之手镯、幻像之手镯、破坏者之手镯、神谕者之手镯	那个长角的恶徒；你说这萨特叫塞勒娜？他吸收了晶簇的能量，注满自身，与德莱尼水晶融为了一体？！即便在这新世界，也还能见到这等亵渎之事。$C，德莱尼水晶的力量极具诱惑，一旦触及它脉动的能量，就需要极大的意志力才能不被吞没。有……些故事说，德莱尼人沉溺于水晶成瘾，最终自身晶化，自己也变成了德莱尼水晶。于是他们回到德拉诺，汇入它生命之血的循环。$B$B眼下我得为你带回的晶簇碎片准备净化仪式。这需要时间与心力，但我和莫罗盖人一样欠你太多。你对我族存续的持续支持，必将得到回报。请从这些手镯里挑一只，愿它能护你抵御将来临的邪恶。	repo	
41965	locales_quest	OfferRewardText_loc4	涤罪之焰	Marvelous! The purest of blazes, a primordial heartbeat resonates within this inconspicuous ball of flame. No evil in this world or any other can hide from its revealing light.$B$B$N, it is time. We will erase the darkness from within Timbermaw Hold once and for all.	你将获得：净化的余烬火炬	太妙了！最纯净的火焰——在这不起眼的火球之中，还跳动着一颗原初的心。世上任何邪恶，无论在此界还是他界，都躲不过它揭露一切的光。$B$B$N，时候到了。我们要将木喉要塞里的黑暗连根拔起。	repo	
41966	locales_quest	OfferRewardText_loc4	佩罗萨恩，梦魇先驱	<A torn look spreads across Narkogg’s face. At first you cannot discern it properly, but the wailing and sobbing coming from him affirm your suspicion: He is crying.>$B$BAfter all these years of suffering and torment, my people can finally release a sigh of relief. The corruption befalling most of our kind and one of our sacred gods has finally been quelled. All thanks to the valiant efforts of brave protectors like you. My words cannot properly convey the gratitude we have towards you and your kin. You will forever be welcome with the Timbermaw, as the cherished hero of the Furbolg.	你将获得：神圣的木喉背包	<纳科格脸上掠过一丝撕裂般的神情。起初你分辨不出，但从他身上传来的哀鸣与抽泣证实了你的猜测：他在哭。>$B$B历经这么多年的苦难与折磨，我的族人终于能松一口气了。笼罩我们大多数同胞、甚至我们一位神圣神灵的腐化，终于被平息。这一切都要归功于像你这样勇敢守护者的奋战。我的话无法真正表达我们对你与你的同胞的感激。你将永远是木喉的座上宾，是熊怪珍视的英雄。	repo	
41967	locales_quest	OfferRewardText_loc4	求生的需要	<Brolan Windhorn lets out a deep sigh of relief.>$B$BYou have saved me much turmoil, now that I know I can sleep more at peace. You have done the Windhorn a great service this day, and I offer you a token of our appreciation outsider.	你可以从这些奖励中选择其一：布罗兰的握套、边疆防御者	<布罗兰风角长长地舒了一口气。>$B$B知道能睡个安稳觉，你替我免去了多少煎熬。今日你为风角一族立了大功，作为感激，我送你一件信物，外来者。	repo	
41968	locales_quest	OfferRewardText_loc4	配得上云蹄	<Bulrok Cloudhoof takes his time inspecting the horns, tapping his finger upon the surface of the bone with curiosity.>$B$BI believe this is what I am looking for, you have done well.$B$B<The arrogant tauren lets a smirk cross his face.>$B$BHere, take this as a token of thanks from the Cloudhoof tribe.	你可以从这些奖励中选择其一：云蹄优质重剑、先祖衬肩、布洛克的护腿	<布尔罗克云蹄不紧不慢地检视着那些角，好奇地用指节敲着骨面。>$B$B我想这正是我要找的东西，你干得好。$B$B<这个傲慢的牛头人嘴角扬起一丝笑。>$B$B来，收下这个，就当是云蹄部族的一点谢意。	repo	
41969	locales_quest	OfferRewardText_loc4	仪式法衣	Such a marvelous material, so bright, and colorful! This will do wonders for the coming ceremonies, and will certainly be better than the last raiment.$B$BThank you $C, and please, take this as a reward.	你可以从这些奖励中选择其一：暗皮护腕、风铸板甲腰带	多么奇妙的材料，如此鲜亮，如此多彩！接下来的仪式会因它大放异彩，肯定比上一件法衣好得多。$B$B谢谢你，$C，请收下这份奖励。	repo	
41974	locales_quest	OfferRewardText_loc4	微光多头蛇鳞片	<Gordnak takes his time to inspect the scale, watching it glimmer in the light, and radiate with magical energy.>$B$BIt would appear this is what I have come for. You have done well, here, take this coin, and a reward on my behalf.	你可以从这些奖励中选择其一：戈德纳克的喘息、狂怒图腾步枪	<戈尔德娜克不紧不慢地端详着那片鳞，看它在光下熠熠生辉、散发魔力。>$B$B看来我要找的就是这东西。你干得好，来，收下这些金币，还有我给你的奖赏。	repo	
41977	locales_quest	OfferRewardText_loc4	风角部族的遗物	I spent the entirety of my youth surrounded by such relics. The craftsmanship of the Windhorn is certainly superb.$B$BWithout your help, this history would have been lost to time. I thank you, for everything that you have done this day.	你将获得：萨格的坠饰	我整个少年时代都被这样的遗物环绕。风角的工艺确实精湛。$B$B没有你的帮助，这段历史就会被时间吞没。谢谢你，为今日你所做的一切。	repo	
41978	locales_quest	OfferRewardText_loc4	马尔甘之怒	Blood for blood. You have done well, and repaid this evil with vengeance. I hope you feel the satisfaction that I feel, for I am vindicated, even if anger still burns deep in my heart.$B$BI must thank you for being the hand of my wrath. Please, take these coins, as tribute from me, and those lost.	你可以从这些奖励中选择其一：血腥锁甲、云图腾披风	血债血偿。你做得很好，用复仇回敬了这份邪恶。但愿你能体会我此刻的满足——即便怒火仍在我心中燃烧，我已得昭雪。$B$B谢谢你成为我怒火的执行者。请收下这些金币，是我，也是那些逝去之人的敬意。	repo	
41982	locales_quest	OfferRewardText_loc4	摧毁死亡图腾	<Cairne gazes upon you with a look of approval.>$B$BYou have done well, and have brought peace to the Tauren. The Deathtotem shall trouble us no longer young blood. Please, be bestowed by an item that shall bring you fortune in the days to come.	你可以从这些奖励中选择其一：血蹄腰带、风暴蹄镣铐、石鬃长靴	<凯恩以赞许的目光看着你。>$B$B你做得很好，为牛头人带来了安宁。死亡图腾再也不能作祟了，年轻的血液。请收下这件东西，愿它在你往后的日子里为你带来好运。	repo	
41986	locales_quest	OfferRewardText_loc4	奥格索布的求知欲	Those were incredible. You really got a hand for cooking, Dirge has to watch out you’re not dethroning him too soon if those are any indication of your culinary skills. Either way, here is the finished cooker. Bring it to Dirge and tell him he can come back anytime, if his pride as a goblin allows it.	你将获得：完成的厨具原型	这些真了不起。你确实有一手好厨艺——照这水平看，迪尔格可得当心，别太早被你抢了位置。总之，这是做好的锅具。带给迪尔格，告诉他随时可以回来，前提是他哥布林的自尊心答应。	repo	
41989	locales_quest	OfferRewardText_loc4	蜿蜒的蛇群	You have it! But… It appears to be damaged. How unfortunate, but probably for the best. This way, it cannot be misused for heinous acts of those wishing discord upon this world. I will return to the Earthen Ring with this now safely in my care. Thank you again, $N. Without your help, the naga may have seized it for themselves. Please, take this as a gift from the Earthen Ring.	你可以从这些奖励中选择其一：自然交流之锤、石铸握套	你拿到了！不过……它似乎已经受损。真可惜，但也许这样最好。这样一来，那些妄图在这世上散播纷争的人，就没法拿它作恶了。我会带着它回到大地之环，此刻它在我手上是安全的。再次谢谢你，$N。没有你的帮助，纳迦也许已经把它据为己有了。请收下这个，作为大地之环的赠礼。	repo	未点名
41990	locales_quest	OfferRewardText_loc4	幽恐症	Is it done? Great, now let’s not waste any more time here. I’ll secure the relics and meet up with Richard back in Moro’gai Village. Thank you again for your help, stranger. I appreciate it. Here, you can keep one of the treasures for yourself, as a token of appreciation by me.	你可以从这些奖励中选择其一：玛拉斯埃希尔之石板、皇家守卫长戟	办妥了吗？太好了，那我们别再在这儿浪费时间了。我去收好圣物，然后到莫罗盖村跟理查德会合。再次谢谢你帮忙，陌生人。我很感激。来，你可以自己留一件宝物，就当是我的谢意。	repo	
41991	locales_quest	OfferRewardText_loc4	为冬眠做准备	<Kralt lets out a huff of breath, a sigh of relief, his features easing from their aged stress.>$B$BYou have eased my burdens outsider, and for that I must thank you. My stockpile grows for the coming hibernation.$B$BPlease, take this, as a sign to show you not all furbolg are lost in rage.	你可以从这些奖励中选择其一：克拉尔特的采集腰带、休眠之护腕	<克拉尔特吐出一口长气，如释重负，脸上的苍老愁容也松缓下来。>$B$B外来者，你替我卸下了重担，为此我得谢你。我的储备正为即将到来的冬眠一点点攒起来。$B$B请收下这个——让它证明，并非所有熊怪都沉溺于狂怒。	repo	
41993	locales_quest	OfferRewardText_loc4	藏身暗影	Pride and hatred blinded them into cunning yet mischievous powers. They chose to embrace young Lo’sho’s darker side. An appealing thing the rebellious sibling may be when the world itself seems against you.$B$BThe flow is shifting. Warmth makes my fur tingle. An’she is with us once more.	你可以从这些奖励中选择其一：神射手的幸运线枪弹、骨鸣者之长袍、蛮兵护卫盾牌	骄傲与憎恨蒙蔽了他们，使他们走上狡黠而诡秘的道路。他们选择拥抱年轻的洛修的阴暗面——当整个世界都与你为敌时，那个忤逆的兄弟确实颇具吸引力。$B$B潮流正在转变。暖意让我的毛发微微发颤。安舍又与我们同在了。	repo	
41994	locales_quest	OfferRewardText_loc4	暗影之母	It is done then. A grim day, but it does not matter. An’she’s warmth will embrace me come dawn.	你将获得：枯萎的月花	那就这样吧。今天是沉重的一天，但已无所谓。黎明到来时，安舍的温暖会拥抱我。	repo	
41996	locales_quest	OfferRewardText_loc4	海妖之歌	So you managed to cull some of their numbers. Well, better than nothing. Worst comes to shove, I will just shove some silk in my ears..	你将获得：水下诱鱼器	这么说你确实削减了它们的数量。嗯，聊胜于无。真到了忍无可忍的时候，我就往耳朵里塞点丝绸。	repo	
41999	locales_quest	OfferRewardText_loc4	趁它们孵化之前	While I cannot provide you with new clothing just yet, you may choose from these I crafted from the last batch I had.	你可以从这些奖励中选择其一：蛾丝守卫、蛾丝斗篷	虽然眼下还没法给你做新衣服，但你可以在这些里挑一件——都是用我手上最后一批材料赶制的。	repo	
42000	locales_quest	OfferRewardText_loc4	上层精灵的重担	I sense some tranquility to the south; your task was indeed a success.	你将获得：玛拉斯埃希尔之星辰	我感觉到南方传来了一丝安宁，你的任务确实成功了。	repo	
42007	locales_quest	OfferRewardText_loc4	碎裂的圆盘	By the Makers, he was right. Oh, Odum, you lunatic! Betting your life on it was not worth it!$B$B<Brohann exhales a deep sigh of exhaustion.>$B$B$N, my friend was searching for an old relic he presumed to be of Titan origin, the celestial beings that once visited Azeroth. Many scholars and professors in our great city of Ironforge theorize a link between the dwarves’ creation and those god-like beings. He assumed what you now hold in your hand could bring dwarvenkind one step closer to the truth, but it appears to not be complete. Still, Evenpike paid with his life to bring us this phenomenal find and I will honor his sacrifice with pride. Once I am done here in Stormwind, I will present it to High Explorer Magellas in the Great Library of Ironforge for further research.$B$BFor you, I have a just reward, for both your heroism and contribution to archeology. May you fare well on your journeys, traveler.	你将获得：考古学家的提灯	以造物主之名，他说对了。哦，奥杜姆，你这个疯子！拿命去赌这东西根本不值得！$B$B<布罗哈恩长长地吐出一口气，疲惫不堪。>$B$B$N，我这位朋友一直在寻找一件他认为是泰坦遗物的古物——泰坦，那些曾造访艾泽拉斯的天界存在。我们伟大的铁炉堡里，许多学者与教授都推测矮人的诞生与那些神祇之间有关联。他以为你手上这件东西能让矮人更接近真相，可惜它似乎并不完整。匀矛是用性命换来这惊人发现的，我会带着骄傲与敬意对待他的牺牲。等我在暴风城的事了结，我会把它呈交给大图书馆的资深探险家麦格拉斯做进一步研究。$B$B至于你，无论出于你的英勇还是对考古的贡献，都该有一份公正的奖赏。旅人，愿你一路顺遂。	repo	Evenpike 库内作「匀矛」（按姓意译）；Magellas 取「麦格拉斯」
42008	locales_quest	OfferRewardText_loc4	最好的毛皮	The rumors were correct, rarely have I seen such a smooth and silky pelt before. I cannot wait to start working with it. As promised, a reward for you as well. I am sure you will find ample use for it.	你将获得：萨拉斯丝质斗篷	传闻一点不假，我很少见到如此柔滑细密的皮毛。我已经等不及要动手处理它了。按约定，也有你一份奖励。我相信你会派上大用场。	repo	
42012	locales_quest	OfferRewardText_loc4	真正的德莱尼水晶收藏者	Your friend is bold, perhaps even a little dense. Yet a gift is a gift; I will welcome him the next time he comes. The crystal you took from the whelps is called a Starshard; it is the splinters of a meteor. There, mystery solved. Now, unless you have more draenethyst to offer, I will return to my duties.	你将获得：德莱尼玛瑙指环	你的朋友胆子不小，也许还有点迟钝。不过礼物就是礼物，下次他再来，我照样欢迎。你从小龙身上取下的那块水晶叫星辰碎片，是陨石的碎屑。瞧，谜团解开了。那么，除非你还有德莱尼水晶要给我，我就回去忙我的事了。	repo	Starshard 试译「星辰碎片」，库内无对应词条
42014	locales_quest	OfferRewardText_loc4	树林之根	Good, the influence of Lo’sho is being dimmed; a task well done. Consider the Windhorn allowed to shadow my village for longer.	你可以从这些奖励中选择其一：月之克星、蓝月简易匕首	很好，洛修的影响正在消退，干得漂亮。就当是允许风角一族在我的村子外多待一阵子了。	repo	
42015	locales_quest	OfferRewardText_loc4	星眼女士	Nature will take its course, and her body will return to dirt, as do all bodies. I pray Lo’sho saves her mind and lets her roam amongst the stars she once loved.	你可以从这些奖励中选择其一：月光外套、月之甲护胫	自然自有其规律，她的身体会像所有躯体一样归于尘土。我祈求洛修保全她的心智，让她在她曾深爱的群星间漫游。	repo	
42018	locales_quest	OfferRewardText_loc4	献给主母的礼物	Ashtotem sends a humorous gift. He was meant to discuss diplomacy and alliances with the Moonhoof. Yet he was refused entry and decided to gift me the heart of Moonhoof’s oldest friend, which he himself deemed an enemy now. How chaotic.	你将获得：恐怖图腾羽毛头盔	阿什托泰姆送来一份滑稽的礼物。他本是要去与月蹄一族商谈邦交与盟约的，却被挡在门外，于是决定把月蹄长老最老的朋友的心脏当作礼物送我——那个人如今已被他自己视作敌人。真是乱象丛生。	repo	
42019	locales_quest	OfferRewardText_loc4	强壮的雷象	You managed to find one. Good. Give it here and wait.	你可以从这些奖励中选择其一：石图腾的劈斧、石图腾的指节套	你居然真找到了一头。很好。交给我，然后等着。	repo	
42021	locales_quest	OfferRewardText_loc4	净化精华	It is done. While not as powerful as the original, this essence should be potent enough to douse the braziers spreading the Withermaw’s corruption throughout our sacred tunnels. If you require more, you know where to find me, brave adventurer.	你将获得：净化精华	成了。它虽不如原版那般强大，但这份精华足以浇熄那些在圣洞里散布枯颚腐化的火盆。若还需要更多，你知道上哪儿找我，勇敢的冒险者。	repo	
42023	locales_quest	OfferRewardText_loc4	自然的狡黠	There you have it, friend. Can you feel the spiritual energy coursing through? Those inexperienced will tremble at its might. So please, make good use of it against the foes of darkness.	你可以从这些奖励中选择其一：雄鹿之狡诈、巨熊怪之狡诈、角鹰兽之狡诈、驼鹿之狡诈、鹿之狡诈	拿好了，朋友。你能感觉到其中奔涌的灵力吗？未经磨练的人会在它的威势下发抖。所以请务必善用它，去对付黑暗的敌人。	repo	
42024	locales_quest	OfferRewardText_loc4	自然的重担	There you have it, friend. Can you feel the spiritual energy coursing through? Those inexperienced will tremble at its might. So please, make good use of it against the foes of darkness.	你可以从这些奖励中选择其一：雄鹿之重担、巨熊怪之重担、角鹰兽之重担、驼鹿之重担、鹿之重担	拿好了，朋友。你能感觉到其中奔涌的灵力吗？未经磨练的人会在它的威势下发抖。所以请务必善用它，去对付黑暗的敌人。	repo	
42025	locales_quest	OfferRewardText_loc4	自然的拥抱	There you have it, friend. Can you feel the spiritual energy coursing through? Those inexperienced will tremble at its might. So please, make good use of it against the foes of darkness.	你可以从这些奖励中选择其一：雄鹿之拥抱、巨熊怪之拥抱、角鹰兽之拥抱、驼鹿之拥抱、鹿之拥抱	拿好了，朋友。你能感觉到其中奔涌的灵力吗？未经磨练的人会在它的威势下发抖。所以请务必善用它，去对付黑暗的敌人。	repo	
42026	locales_quest	OfferRewardText_loc4	自然的掌控	There you have it, friend. Can you feel the spiritual energy coursing through? Those inexperienced will tremble at its might. So please, make good use of it against the foes of darkness.	你可以从这些奖励中选择其一：雄鹿之握、巨熊怪之握、角鹰兽之握、驼鹿之握、鹿之握	拿好了，朋友。你能感觉到其中奔涌的灵力吗？未经磨练的人会在它的威势下发抖。所以请务必善用它，去对付黑暗的敌人。	repo	
42027	locales_quest	OfferRewardText_loc4	自然的活力	There you have it, friend. Can you feel the spiritual energy coursing through? Those inexperienced will tremble at its might. So please, make good use of it against the foes of darkness.	你可以从这些奖励中选择其一：雄鹿之精力、巨熊怪之精力、角鹰兽之精力、驼鹿之精力、鹿之精力	拿好了，朋友。你能感觉到其中奔涌的灵力吗？未经磨练的人会在它的威势下发抖。所以请务必善用它，去对付黑暗的敌人。	repo	
42028	locales_quest	OfferRewardText_loc4	自然之道	There you have it, friend. Can you feel the spiritual energy coursing through? Those inexperienced will tremble at its might. So please, make good use of it against the foes of darkness.	你可以从这些奖励中选择其一：雄鹿之道路、巨熊怪之道路、角鹰兽之道路、驼鹿之道路、鹿之道路	拿好了，朋友。你能感觉到其中奔涌的灵力吗？未经磨练的人会在它的威势下发抖。所以请务必善用它，去对付黑暗的敌人。	repo	
42036	locales_quest	OfferRewardText_loc4	万年的秘密	As instructed, you insert the lock into the indentation, which promptly springs into the contraption with a heavy clicking sound. Shortly after you insert the key, open the lid and welcome your just reward.	你将获得：芬芳的信封、埃法内尔，毁灭之黎明、洛法内尔，灾祸之暮	你依言将锁扣嵌入凹槽，它伴着一声沉重的咔哒声弹入装置。你插入钥匙不久，箱盖便打开了——收下你应得的奖赏吧。	repo	
42037	locales_quest	OfferRewardText_loc4	机场补给	Haha! You've done it, you've saved my arse!$B$BI was sure I was going to be back to Mountaineer duties if this ever got out. You've done me a real solid here, and for that you've earned something in return.$B$BOh, and don't mention this, to anyone.	你可以从这些奖励中选择其一：驾驶员匕首、箱山脉长靴	哈哈！你办成了，你救了我的小命！$B$B这事要是传出去，我肯定得回去当巡山人了。你帮了我一个大忙，这份回报你受之无愧。$B$B哦，还有——这事别跟任何人提。	repo	
42039	locales_quest	OfferRewardText_loc4	酋长乌布卡兹	So, Ubukaz has been slain?$B$B<Granitebeard takes a moment, a smirk crossing his face.>$B$BI cannot believe my ears, I have no doubt there will be a another troll that shall rise to be chieftain, but for these coming days, peace shall be had in Dun Morogh.$B$BUntil their infighting is over, we have time to celebrate!	你可以从这些奖励中选择其一：重型链甲护腕、启发之腰带、深线披巾	这么说，乌布卡兹被干掉了？$B$B<格拉尼泰比尔德顿了顿，嘴角浮现一丝笑意。>$B$B我简直不敢相信。我毫不怀疑还会有别的巨魔站出来当酋长，但接下来的这些天里，丹莫洛可以太平一阵了。$B$B趁他们内斗未了，咱们有时间好好庆贺一番！	repo	
42041	locales_quest	OfferRewardText_loc4	在丛林中求生	Quit dawdling around! There's no time to lose, youngster.	将对你施放以下法术：生存	别磨蹭了！没时间可浪费，小家伙。	repo	
42042	locales_quest	OfferRewardText_loc4	误入歧途	It pains me it had to come to this, but their delusions have brought them too far away from redemption. For the sake of nature and its inhabitants, they had to return to the cycle.	你可以从这些奖励中选择其一：烈日之绽放、监护者长靴、班达拉尔之冠、树妖根搜寻项链	走到这一步让我痛心，但他们的执迷已经离救赎太远。为了自然与其间的生灵，他们只能回归循环。	repo	
42051	locales_quest	OfferRewardText_loc4	困于石中	Well done. With the help of water, the Earthen Ring and you, the elements rest. Knowing that their wrath is not yet required. The mortals of Moonwhisper Coast will face its turmoil with great conviction.	你可以从这些奖励中选择其一：大地圆环头盔、水之护腕、大地圆环便鞋	干得好。在水、大地之环和你的协助下，元素们归于平静——它们明白自己的怒火尚不必宣泄。月语海岸的凡人将以坚定的信念面对此地的动荡。	repo	
42053	locales_quest	OfferRewardText_loc4	夺颚者	Pick. One is my for the taking, yours is the other.	你可以从这些奖励中选择其一：召星者之颚骨、法术打击者之颚骨	挑吧。一件归我，另一件归你。	repo	
42057	locales_quest	OfferRewardText_loc4	安舍之光	It is time to indulge in the teachings of An'she, the Right Eye of the Earthmother. Let his light illuminate your way and blind those who wish to harm the Earthmother's favored.	将对你施放以下法术：太阳神之光	是时候领悟安舍的教诲了——大地母亲的右眼。愿他的光辉照亮你的前路，也灼瞎那些妄想伤害大地母亲宠儿之人的眼睛。	repo	
42059	locales_quest	OfferRewardText_loc4	灵魂漫步	Lo'sho is often misunderstood, but he is as much a part of the Earthmother as both of her eyes. Close your eyes and listen to our people's legends.	将对你施放以下法术：灵魂漫步	洛修常被误解，但他和大地母亲的双眸一样，都是她的一部分。闭上眼睛，听听我们族人的传说吧。	repo	
42064	locales_quest	OfferRewardText_loc4	黑根要塞	Good. This will keep us alive a while longer.$B$BDo not think this ends anything. The theft was not desperation - it was intent. They wanted to see how we would respond. Whether we were weak.$B$BNow they know better.$B$BThey will test us again. They always do. Wounded beasts grow bold when cornered. If we wait, they will gather, and they will come for us in the dark.$B$BNext time, we do not recover what was taken.$B$BNext time, we burn the hand that reaches for us.	你可以从这些奖励中选择其一：黑根裹布、阿拉萨拉斯之盾牌	很好。这能让我们多撑一阵子。$B$B别以为事情就此了结。那次偷窃并非迫于绝望——那是试探。他们想看看我们会如何反应，看看我们是否软弱。$B$B现在他们知道了。$B$B他们还会再来试探，他们总是如此。受伤的野兽被逼到墙角时反而更胆大。若我们按兵不动，他们就会聚拢，然后在暗处扑上来。$B$B下一次，我们不会再追回被夺走的东西。$B$B下一次，我们要烧掉那只伸向我们的手。	repo	
42069	locales_quest	OfferRewardText_loc4	枯萎者巢穴	What is this?$B$B<Andanil stares into the artifact you retrieved. His eyes linger too long, as if it is staring back.>$B$BThis is it?$B$BYes… of course it is. I see it now.$B$BThe magic is spent, drained dry, but there is no doubt. This is the source. This is what they found. Even emptied, it hums with purpose.$B$B<He lifts the object carefully, almost reverently, turning it in the light.>$B$BSuch precision. There is no waste here, no ornament for vanity’s sake. This is not elven craft.$B$BI have studied relics from every corner of our past. Highborne vaults. Pre-Sundering ruins. Nothing even approaches this. Whatever made it did not think like us. It did not feel like us. And whatever power once flowed through it was enough to drain trained arcanists in moments and leave them wandering husks.$B$BAnd still, I cannot shake the feeling that this is only a shell. A key, perhaps. Something meant to be used again.$B$BI must return to Alah’thalas at once.  Oh cousin… this time, I did not fail you.	你可以从这些奖励中选择其一：逐日者长戟、诺克斯之长袍	这是什么？$B$B<阿恩达尼尔凝视着你取回的器物。他的目光停留得太久，仿佛那东西也在回望他。>$B$B就是这个？$B$B是的……当然是。现在我看清了。$B$B魔力已耗尽、被抽干，但毫无疑问。这就是源头。这就是他们找到的东西。即便已经空了，它仍因某种目的而低鸣。$B$B<他小心地举起它，近乎虔诚地在光中转了一圈。>$B$B如此精准。没有一处赘余，没有为虚荣添的纹饰。这不是精灵的工艺。$B$B我研究过我们过往各个角落的遗物：上层精灵的宝库、大分裂前的废墟——没有任何一件能与之相比。制造它的东西，思维方式与我们不同，感受方式也与我们不同。而曾流经它的力量，足以在片刻间把训练有素的奥术师抽成游荡的空壳。$B$B可我还是甩不掉一个念头：这只是一个外壳。一把钥匙，也许。是注定要再次被使用的东西。$B$B我必须立刻回阿拉萨拉斯。哦，表弟……这一次，我没有辜负你。	repo	
42077	locales_quest	OfferRewardText_loc4	蛾幕瀑布	So this marks the end. Arch Druid Mothshroud is gone, and Ireth Moondancer is still alive. He meant to strike the moon out of the sky. And he almost did, were you not here to stop him. We must report this to my father, but before we do, I believe a reward is in order for all your valiant deeds.	你可以从这些奖励中选择其一：玛拉斯埃希尔之镜片、洛修的绿松石徽记、安舍之头冠	那么这就结束了。大德鲁伊蛾幕死了，伊瑞丝·月舞者还活着。他本想将月亮从天上击落——若不是你出手阻止，他几乎做到了。我们必须把这件事报告给我父亲，不过在去之前，你这一路的英勇作为理应得到奖赏。	repo	
42085	locales_quest	OfferRewardText_loc4	月蹄庆典	Our Ancestors have delivered us quite the omen, and yet I am unsure of what to make of it... Regardless, another festival has been concluded, and without your help, I would still be waiting for assistance from Moonhoof Village.$B$BI must reward you for your generosity outsider. Please, take this, on behalf of myself, and all of those in my tribe. May your travels be gentle, and the road ahead free from burden.	你可以从这些奖励中选择其一：月蹄典礼皮坠饰、星行者指环、龙尘残留物	我们的祖先降下了不小的征兆，可我还不知道该如何解读……不管怎样，又一届庆典落幕了。若没有你帮忙，我恐怕还在等月蹄村的援手。$B$B外来者，我得为你的慷慨有所回报。请收下这个，代表我自己，也代表我部族中的所有人。愿你旅途平顺，前路无虞。	repo	
42087	locales_quest	OfferRewardText_loc4	艾露娜瑞斯之光	So… it truly remained there all this time.$B$B<Talanis studies the artifact in silence for a long moment.>$B$BRemarkable. The craftsmanship alone places it centuries before the founding of Zin-Azshari. And the lunar resonance… yes, I can feel it even now. This was no mere ceremonial piece. It was used. Studied. Revered. The priestesses of Elunaris must have trained beneath its light, learning to channel Elune’s blessing through it.$B$BYou have brought back more than a relic today. You have returned a fragment of our past that might otherwise have vanished with the temple itself.	你将获得：月语搜寻项链	这么说……它真的一直留在那里。$B$B<塔拉尼斯沉默地端详着这件器物良久。>$B$B了不起。单凭工艺，它就能追溯到辛艾萨莉建城之前数百年。而那月光的共鸣……是的，即便此刻我也能感觉到。这绝非单纯的礼仪用器。它被使用过、被研究过、被尊崇过。艾露娜瑞斯的祭司们一定曾在它的光下修行，学习借它引导艾露恩的祝福。$B$B你今天带回的不只是一件遗物，而是我们过去的一角——否则它或许已随那座神殿一同湮灭。	repo	
42088	locales_quest	OfferRewardText_loc4	安舍的休憩	So it is done.$B$BI take no satisfaction in this. Still… if they had been left unchecked, more would have died. We will keep watch on the rest of their tribes. If this corruption spreads, we will know. Until then, Narvalis Point remains secure. That is what matters.	你将获得：克瑞西斯的靴子	那就这样结束了。$B$B我并无快意。只是……若放任不管，死的人会更多。我们会继续盯着他们其余的部族——若这腐化继续蔓延，我们就会知道。在那之前，纳尔瓦利斯角是安全的。这才是要紧的事。	repo	
42090	locales_quest	OfferRewardText_loc4	无头之蛇	Lady Serpentia… and Ta’jax as well.$B$B<For the first time, Silverstreak allows herself a small, satisfied nod.>$B$BGood. Very good.$B$BWithout them, the Tideblade will splinter into rival broods. Naga are not known for unity when strong leaders are absent. That gives us the advantage. The ruins of Nendis may finally know peace again.$B$BThe High Priestess should hear of it.	你可以从这些奖励中选择其一：月光锁甲、月步护腿	塞彭提亚女士……还有塔贾克斯。$B$B<银痕头一次允许自己露出一个心满意足的点头。>$B$B很好。非常好。$B$B没了他们，潮刃会分裂成互相敌对的几支。纳迦在缺少强势领袖时，素来谈不上团结。这给了我们优势。奈迪斯废墟或许终于能重归安宁了。$B$B这件事该让高阶祭司知道。	repo	
42091	locales_quest	OfferRewardText_loc4	禀告高阶女祭司	Lady Serpentia and Ta’jax are dead?$B$BThose names were spoken often during the war against Illidan. Their warbands left scars along this coast that have not yet faded. If they have truly fallen, then one of the last shadows from that time has finally been lifted.$B$BNendis has been silent for far too long. With the naga driven out, the ruins may finally be reclaimed. Not quickly. Wounds like these take time to heal. But in time… our people will return. Homes will be rebuilt. Temples restored. The forests will hear our voices again.$B$BMoonwhisper Coast was once a place where the kaldorei lived in peace beneath Elune’s light. Perhaps, slowly, it may become so again.$B$BYou have helped make that future possible, $C. Know that the sentinels of Narvalis Point have my gratitude… and so do you.	你将获得：南迪斯之希望	塞彭提亚女士和塔贾克斯都死了？$B$B在对抗伊利丹的战争里，这两个名字常被提起。他们的战团在这片海岸留下的伤疤至今未愈。若他们真的倒下，那个时代最后的阴影之一便终于散去了。$B$B奈迪斯沉寂得太久了。纳迦被赶走后，废墟或许终于能重归。不会很快——这样的创伤需要时间愈合。但随着时间……我的人民会回来。家园会重建，神殿会修复，森林将再次听到我们的声音。$B$B月语海岸曾是卡多雷在艾露恩之光下安居乐业之地。也许，慢慢地，它会再度如此。$B$B$C，你帮助这个未来成为可能。纳尔瓦利斯角的哨兵们感激你……我也一样。	repo	
42092	locales_quest	OfferRewardText_loc4	回应的星辰	Starcaller is dead?$B$BGood. That removes the most immediate obstacle.$B$BThe blue dragonflight rarely commits to guarding something so aggressively unless it carries great arcane significance.$B$BA meteor saturated with arcane energy… and dragons circling it like vultures.$B$BYes. There is definitely more to this crater than a simple rock from the sky. With that drake gone, perhaps the others will grow less bold. Or perhaps they will become curious enough to reveal what they were truly protecting.$B$BEither way, you have given us an opportunity to learn the truth.$B$BAnd I very much intend to take it.	你将获得：屠龙者	召星者死了？$B$B很好。最紧迫的障碍就此清除。$B$B蓝龙军团很少如此凶悍地守卫某样东西——除非它蕴藏着极大的奥术意义。$B$B一颗浸透奥术能量的陨石……还有巨龙像秃鹫般在它周围盘旋。$B$B没错。这个陨坑里绝不止一颗坠自天上的石头那么简单。那条龙死了，其余的可能也会收敛些胆量。又或者，它们会好奇到把真正守护的东西亮出来。$B$B无论如何，你给了我们查明真相的机会。$B$B而我非常想抓住它。	repo	
42094	locales_quest	OfferRewardText_loc4	飞蛾的异端	So the grove has been quieted… for now.$B$BI hoped the corruption had not spread this far, but the signs are unmistakable. These druids no longer serve the balance of the wilds. Something has guided them down this path.$B$BThe Grove of the Sun on the Isle of Tyrandas may hold answers. One of my allies tends the groves there.$B$BSeek out Sister Mirallun. She watches the forest more closely than most. Tell her what you have seen.	你将获得：星玻璃眼镜	这么说，林地安静下来了……暂时而已。$B$B我本希望腐化没有蔓延到这一步，但迹象再清楚不过。这些德鲁伊已不再侍奉荒野的平衡。有什么东西引导他们走上了这条路。$B$B泰兰达斯岛的日之林地也许有答案——我的一位盟友在那照看林地。$B$B去找米拉鲁恩姊妹吧。她比大多数人更仔细地守望着森林。把你看到的都告诉她。	repo	
60009	locales_quest	OfferRewardText_loc4	冬幕节任务		将对你施放以下法术：神圣打击	(英文为空，维持原样)	skip	英文原文为空，保留现有奖励清单
60013	locales_quest	OfferRewardText_loc4	新年快乐！		你将获得：冬幕节驯鹿	(英文为空，维持原样)	skip	英文原文为空，保留现有奖励清单
